age,annual_income,credit_score,loan_amount,employment_years,existing_loans,debt_to_income_ratio,monthly_expenses,savings_balance,loan_approved
21,150000,440,194000,5.4,0,0.37,13300,181000,0
43,187000,795,1127000,5.7,0,0.68,86600,638000,0
51,150000,648,826000,3.8,3,0.04,33300,0,1
40,181000,542,20000,7.2,2,0.09,5000,91000,0
27,150000,503,724000,6.1,1,0.47,40000,382000,1
28,188000,472,175000,7.7,0,0.17,5000,0,0
22,591000,658,428000,0.0,4,0.9,128800,870000,0
28,320000,793,510000,3.2,3,0.59,66300,272000,0
27,179000,581,77000,14.6,0,0.21,5000,18000,0
37,171000,827,981000,12.0,0,0.49,56700,230000,0
49,348000,675,547000,6.8,0,0.37,38400,428000,1
21,921000,771,624000,0.0,3,0.9,139200,220000,0
52,713000,495,217000,0.0,0,0.12,43800,0,1
35,482000,708,356000,0.0,0,0.22,61600,0,0
32,257000,670,300000,2.2,1,0.23,31900,0,0
40,742000,745,370000,0.0,1,0.18,60400,0,0
43,150000,493,897000,6.1,2,0.39,41200,500000,1
38,724000,773,571000,5.1,1,0.42,58100,9000,1
21,150000,474,287000,12.5,2,0.47,5000,292000,0
39,150000,836,528000,0.0,2,0.49,73000,341000,0
30,308000,781,657000,8.8,2,0.4,46700,0,0
47,264000,654,315000,0.0,1,0.37,45500,426000,1
38,150000,753,696000,0.3,0,0.51,69000,424000,0
21,315000,512,20000,12.4,0,0.54,5000,247000,0
21,150000,403,214000,9.1,1,0.43,6600,305000,0
65,267000,519,20000,0.0,1,0.02,5000,0,0
47,263000,590,129000,0.0,4,0.02,10900,0,0
24,380000,362,20000,5.5,1,0.29,5000,203000,0
38,954000,900,277000,0.0,2,0.44,83200,0,1
59,879000,439,766000,1.8,2,0.02,28900,0,1
44,706000,685,20000,2.6,2,0.04,5000,0,0
52,311000,534,909000,7.2,2,0.02,22800,0,1
31,358000,757,1060000,19.0,4,0.37,35500,0,0
49,368000,820,158000,3.7,2,0.02,18800,0,0
40,150000,720,786000,7.3,1,0.2,34600,0,0
52,394000,677,607000,2.2,3,0.46,57000,580000,1
27,202000,592,669000,5.3,3,0.59,54500,442000,1
29,163000,900,474000,6.1,0,0.59,62300,283000,0
34,151000,874,138000,6.0,1,0.64,48500,651000,1
26,337000,742,376000,5.7,2,0.35,38900,0,0
24,511000,837,93000,0.0,2,0.76,85300,444000,0
57,589000,588,743000,1.7,0,0.22,48200,189000,1
40,402000,486,604000,1.2,0,0.27,39900,122000,1
21,375000,577,519000,4.4,1,0.58,52900,114000,1
52,377000,758,611000,1.9,2,0.2,48300,9000,1
25,150000,328,185000,0.0,2,0.27,15400,223000,0
38,352000,701,212000,3.1,2,0.18,25900,0,0
55,719000,614,698000,0.0,1,0.24,54600,101000,1
21,441000,756,497000,3.4,0,0.33,51300,0,0
25,739000,805,218000,3.9,2,0.87,74500,635000,0
28,150000,492,308000,4.5,2,0.31,20000,152000,0
39,210000,706,1058000,6.5,2,0.51,68400,338000,0
53,266000,594,580000,1.5,1,0.29,42100,426000,1
45,248000,750,1133000,10.7,2,0.5,62700,392000,0
59,371000,591,711000,3.9,1,0.24,39300,391000,1
33,805000,572,454000,0.0,2,0.41,91500,0,0
49,228000,784,286000,3.1,2,0.43,44400,554000,1
43,514000,824,500000,1.8,3,0.33,57600,0,1
50,150000,611,597000,5.6,3,0.31,31900,510000,1
59,394000,650,510000,1.6,2,0.26,41300,410000,1
37,358000,622,513000,0.0,1,0.27,58700,0,0
24,1392000,900,273000,1.7,2,0.63,84700,0,1
41,223000,742,459000,5.0,2,0.45,46000,410000,0
28,396000,756,1011000,11.1,0,0.54,63100,81000,0
27,448000,642,550000,0.0,1,0.31,67000,0,0
21,303000,556,769000,0.0,0,0.62,81300,0,0
47,758000,762,489000,0.0,3,0.31,60700,0,1
33,210000,721,689000,5.2,1,0.38,50700,37000,0
40,188000,602,660000,7.0,1,0.22,28400,49000,0
34,638000,488,747000,1.4,0,0.4,56200,94000,1
21,349000,327,20000,6.3,2,0.6,14800,456000,0
33,216000,670,873000,2.0,3,0.48,68700,178000,0
21,358000,469,331000,0.1,2,0.28,32500,0,0
50,395000,713,682000,0.0,3,0.17,53600,0,1
27,189000,571,236000,4.4,1,0.29,21400,31000,0
48,837000,630,313000,0.0,3,0.28,50300,62000,1
36,384000,621,386000,0.0,1,0.18,57900,0,0
21,398000,786,591000,0.0,2,0.88,109100,213000,0
64,695000,787,342000,0.9,0,0.33,51300,454000,1
24,612000,628,125000,0.0,0,0.47,55000,34000,1
29,390000,774,424000,5.2,2,0.23,38000,0,0
27,1036000,900,221000,0.0,1,0.53,83500,0,1
58,317000,664,477000,14.4,3,0.21,6000,454000,0
21,150000,334,20000,10.3,1,0.48,5000,324000,0
33,278000,720,290000,0.0,1,0.47,54800,258000,0
36,229000,845,541000,12.2,1,0.31,30700,0,0
44,485000,714,726000,4.4,3,0.24,48700,0,1
21,150000,300,171000,0.0,1,0.44,26700,418000,0
42,150000,866,653000,2.0,2,0.32,54100,199000,0
21,296000,657,309000,9.3,1,0.33,21400,0,0
21,162000,615,471000,1.2,0,0.25,39300,0,0
25,535000,752,383000,5.9,3,0.31,39800,0,0
37,154000,400,781000,0.0,0,0.39,50300,389000,1
21,270000,430,497000,0.0,5,0.54,56900,112000,0
21,467000,900,120000,0.0,2,0.77,92800,271000,0
41,526000,900,480000,0.0,3,0.58,83300,280000,1
42,150000,821,1121000,10.7,1,0.48,62100,349000,0
26,783000,501,44000,0.0,0,0.59,63500,343000,0
37,389000,555,147000,3.1,2,0.11,12000,0,0
47,762000,679,512000,2.8,4,0.35,51800,145000,1
55,887000,839,318000,0.0,2,0.3,64900,53000,1
21,619000,806,651000,7.7,2,0.72,73900,188000,0
21,582000,888,366000,0.0,0,0.87,104400,345000,0
21,277000,449,290000,0.0,4,0.3,41700,0,0
38,150000,765,767000,5.0,1,0.41,54900,247000,0
52,346000,780,337000,0.1,0,0.49,58000,640000,1
39,507000,744,675000,5.0,3,0.27,49500,0,1
31,150000,767,897000,6.2,2,0.43,60700,32000,0
54,623000,426,1058000,5.0,3,0.26,46300,250000,1
30,680000,423,169000,0.0,0,0.34,42700,48000,0
26,409000,705,259000,3.7,2,0.29,35000,0,0
46,659000,742,640000,6.6,1,0.36,50100,122000,1
61,490000,698,203000,0.0,3,0.02,29300,0,0
49,666000,469,20000,2.8,2,0.27,5000,550000,0
34,463000,672,770000,1.8,3,0.68,79500,517000,0
56,173000,530,985000,8.0,3,0.05,24200,58000,1
46,756000,767,570000,1.7,0,0.44,66600,181000,1
39,453000,575,20000,8.8,1,0.11,5000,0,0
51,150000,791,936000,4.0,3,0.61,76700,777000,0
31,562000,612,401000,4.0,3,0.48,46600,242000,0
34,232000,603,542000,0.0,2,0.18,54900,0,0
21,528000,704,522000,0.0,1,0.83,96900,396000,0
52,484000,562,847000,6.9,2,0.19,35500,92000,1
56,877000,782,389000,0.0,0,0.2,67600,0,1
47,331000,561,810000,4.8,1,0.4,48700,455000,1
55,356000,632,802000,4.2,2,0.26,46100,284000,1
34,171000,511,203000,2.8,3,0.14,11400,0,0
46,576000,728,20000,0.0,1,0.32,45100,222000,1
61,150000,691,736000,9.3,0,0.36,35100,733000,1
27,157000,694,213000,13.5,1,0.11,5000,0,0
44,165000,667,750000,10.1,2,0.46,41100,543000,1
21,715000,708,562000,0.0,2,0.9,108600,85000,0
56,150000,673,903000,13.5,2,0.02,7300,36000,0
30,361000,625,315000,0.0,2,0.39,50500,91000,0
30,456000,728,466000,3.6,2,0.67,65600,485000,0
21,268000,529,369000,0.0,1,0.55,54600,280000,0
37,462000,634,295000,0.0,2,0.27,58500,0,0
46,552000,725,492000,5.1,0,0.41,48500,316000,1
35,150000,892,906000,7.9,3,0.55,71000,239000,0
49,430000,639,173000,0.0,2,0.07,43300,0,0
21,150000,438,348000,6.0,1,0.4,19300,253000,0
24,348000,430,305000,0.0,2,0.38,43100,105000,0
36,150000,560,766000,9.6,3,0.41,33800,374000,1
55,357000,414,20000,0.0,3,0.02,5000,0,0
48,606000,707,663000,3.5,3,0.26,50800,0,1
31,345000,785,379000,0.0,1,0.71,80100,534000,0
56,309000,724,633000,0.0,1,0.02,41300,0,1
42,562000,818,559000,2.7,0,0.42,63400,99000,1
41,150000,817,1152000,18.1,1,0.22,30800,0,0
36,418000,589,230000,0.0,1,0.24,48700,0,0
31,150000,420,573000,0.0,3,0.34,41200,213000,1
23,488000,685,724000,1.1,0,0.76,85800,398000,0
32,382000,448,240000,0.0,1,0.22,36200,0,1
48,531000,564,320000,0.0,2,0.21,41600,115000,1
42,446000,658,166000,8.1,0,0.06,5000,0,0
21,561000,577,570000,0.0,0,0.82,103000,305000,0
50,150000,749,743000,13.5,4,0.2,20000,200000,0
53,150000,775,762000,11.6,1,0.15,23100,160000,0
21,349000,897,899000,0.0,1,0.9,127200,557000,0
41,150000,900,644000,2.9,2,0.49,69200,295000,1
61,743000,553,721000,5.2,1,0.16,34600,172000,1
21,326000,468,212000,1.4,1,0.35,28700,0,0
38,640000,772,677000,8.0,3,0.5,58200,195000,1
41,531000,328,20000,0.0,3,0.2,18900,252000,0
32,257000,734,440000,2.5,1,0.36,47900,29000,0
21,259000,527,645000,2.1,3,0.58,59200,146000,0
21,906000,801,295000,0.0,2,0.9,118900,388000,0
49,150000,475,1051000,7.7,1,0.31,37700,460000,1
41,524000,686,438000,0.0,2,0.26,62300,0,0
48,621000,690,444000,0.0,1,0.44,59800,388000,1
40,476000,786,659000,4.6,1,0.34,55600,0,1
39,297000,653,270000,4.2,2,0.14,19900,0,0
41,473000,823,640000,3.3,1,0.4,63400,73000,1
32,258000,900,452000,10.8,3,0.5,47300,146000,0
31,307000,559,456000,3.5,1,0.39,38200,176000,1
25,387000,737,411000,0.0,0,0.59,69600,213000,0
61,534000,509,838000,5.2,1,0.02,22800,0,1
21,292000,900,375000,4.5,0,0.73,78800,118000,0
23,503000,803,817000,9.0,3,0.72,75200,274000,0
39,341000,419,1020000,6.9,3,0.3,40000,173000,1
31,377000,556,959000,6.1,1,0.54,61400,316000,0
62,315000,515,877000,3.4,1,0.02,28800,41000,1
24,325000,442,116000,3.8,3,0.5,24400,469000,0
23,150000,900,1152000,0.0,0,0.83,122200,352000,0
21,461000,900,651000,8.3,1,0.85,89500,230000,0
39,150000,751,773000,0.0,0,0.54,84700,397000,0
41,672000,723,442000,1.8,1,0.47,60000,253000,1
34,462000,672,736000,6.5,2,0.24,42600,0,1
32,302000,429,31000,1.9,2,0.15,5000,11000,0
39,237000,799,1550000,20.5,2,0.48,58000,147000,0
37,226000,843,762000,7.6,1,0.6,66800,452000,0
21,462000,738,281000,0.4,2,0.6,64000,129000,0
28,150000,471,20000,12.3,0,0.21,5000,213000,0
30,315000,748,1049000,2.1,1,0.71,94100,383000,0
24,158000,613,392000,3.0,2,0.36,37600,18000,0
38,165000,627,500000,3.3,1,0.34,38800,227000,0
50,451000,481,817000,5.4,3,0.23,35300,221000,1
44,448000,737,695000,0.3,3,0.32,62800,8000,1
45,347000,746,470000,4.1,3,0.51,53800,554000,0
39,174000,747,535000,0.2,1,0.48,62900,378000,0
48,163000,665,817000,10.7,2,0.2,27100,112000,0
63,208000,812,20000,6.0,3,0.02,5000,0,0
61,276000,548,591000,0.0,2,0.23,42800,496000,1
32,538000,560,20000,4.7,2,0.14,5000,0,0
21,547000,457,194000,4.2,0,0.36,23500,0,0
26,831000,683,197000,0.0,2,0.77,75300,508000,0
24,206000,531,202000,7.4,2,0.23,7400,0,0
21,496000,717,819000,0.0,1,0.48,81900,0,0
21,803000,728,227000,0.0,3,0.9,91400,626000,0
21,749000,747,409000,0.0,1,0.9,149800,402000,0
44,611000,357,20000,0.0,0,0.18,20300,226000,1
54,447000,691,248000,0.0,3,0.29,42100,359000,1
22,204000,518,499000,0.0,3,0.46,52900,143000,0
24,530000,365,557000,0.0,3,0.33,48900,0,1
42,262000,775,245000,5.9,2,0.02,7700,0,0
21,798000,632,92000,3.6,0,0.53,43500,61000,0
46,903000,803,379000,0.0,2,0.34,67600,0,1
30,361000,718,873000,0.0,2,0.74,93700,495000,0
22,304000,454,124000,2.3,2,0.45,25900,296000,0
21,448000,534,75000,7.8,3,0.52,21400,356000,0
40,390000,553,286000,0.0,1,0.4,56700,337000,1
53,581000,523,916000,8.6,3,0.16,31300,51000,1
30,414000,881,773000,15.3,1,0.58,52600,204000,0
49,266000,801,614000,1.1,1,0.29,56500,113000,1
43,1164000,854,266000,0.0,2,0.44,73700,0,1
36,856000,900,270000,0.0,3,0.35,74200,0,1
39,1250000,894,263000,0.0,1,0.58,85000,51000,1
21,622000,767,20000,0.0,4,0.86,97600,338000,0
32,334000,649,950000,2.2,4,0.55,75600,242000,0
44,342000,633,842000,5.5,2,0.2,42100,0,1
28,527000,765,511000,9.0,2,0.63,55300,340000,1
50,834000,755,620000,3.9,2,0.5,66700,378000,1
49,273000,563,996000,8.2,2,0.21,36500,114000,1
34,792000,629,295000,0.0,2,0.4,63700,0,0
21,286000,444,20000,7.0,2,0.32,5000,122000,0
54,244000,554,401000,0.0,1,0.37,46400,661000,0
40,815000,516,362000,0.0,2,0.33,59200,17000,1
21,281000,881,1150000,8.9,3,0.83,96200,338000,0
51,804000,719,524000,1.8,2,0.28,53500,36000,1
25,247000,573,109000,3.9,2,0.21,14400,0,0
38,150000,453,551000,0.0,5,0.31,37400,315000,1
48,459000,738,618000,1.6,4,0.14,46600,0,1
23,404000,815,933000,6.9,0,0.79,88000,374000,0
46,359000,413,849000,2.6,1,0.23,38700,203000,1
47,309000,639,850000,4.9,1,0.24,45700,80000,1
50,745000,650,640000,0.8,1,0.17,49700,0,1
43,361000,809,556000,0.0,2,0.05,49400,0,0
34,186000,776,327000,7.7,2,0.33,30000,68000,0
48,524000,715,715000,3.6,0,0.35,56500,177000,1
21,413000,738,287000,0.0,2,0.83,95000,477000,0
42,150000,741,514000,4.8,3,0.16,29500,0,0
57,721000,695,593000,1.9,3,0.39,58800,427000,1
35,416000,606,323000,0.0,2,0.56,71600,468000,0
21,836000,770,20000,0.0,0,0.88,99600,304000,0
36,335000,734,509000,0.3,3,0.5,63900,291000,0
54,414000,681,330000,0.0,1,0.02,47200,0,0
32,486000,809,711000,8.6,3,0.54,60900,149000,0
44,409000,567,635000,3.2,2,0.32,42700,233000,1
21,150000,520,139000,9.1,3,0.25,5000,0,0
21,547000,730,635000,1.5,0,0.76,84900,321000,0
34,468000,587,34000,4.9,0,0.34,18700,210000,0
32,252000,463,767000,5.0,0,0.41,42500,273000,1
47,273000,699,20000,4.7,0,0.11,5000,97000,0
32,285000,705,373000,0.0,1,0.27,47800,0,0
21,325000,775,516000,0.0,2,0.77,95800,260000,0
41,265000,614,672000,0.0,2,0.67,81700,770000,0
38,224000,805,732000,11.5,0,0.52,49000,399000,0
21,634000,477,371000,0.0,1,0.45,64700,0,0
50,259000,623,538000,2.9,0,0.34,41300,447000,1
41,229000,508,83000,4.6,0,0.02,5000,0,0
21,659000,734,339000,0.0,1,0.73,78000,122000,0
52,150000,766,904000,5.4,0,0.37,55400,472000,0
32,468000,546,204000,0.0,2,0.29,38000,7000,0
31,150000,520,204000,3.8,3,0.19,11700,27000,0
21,292000,588,453000,9.8,2,0.5,33000,0,0
33,343000,738,572000,7.0,3,0.44,47600,139000,0
42,587000,498,248000,0.0,2,0.09,46700,0,0
40,460000,578,196000,0.0,3,0.02,19000,0,0
32,297000,450,73000,0.0,0,0.23,19300,84000,0
21,333000,325,355000,0.0,2,0.55,55200,345000,0
50,421000,640,601000,4.8,3,0.32,41400,310000,1
21,809000,734,409000,0.0,0,0.9,121000,488000,1
40,160000,343,969000,3.1,2,0.3,40200,304000,1
58,291000,484,910000,3.2,0,0.24,41900,428000,1
51,221000,367,702000,0.6,1,0.07,24100,141000,1
32,528000,754,757000,0.0,1,0.86,104400,679000,0
21,273000,461,20000,14.6,1,0.39,5000,377000,0
60,748000,808,20000,10.8,2,0.02,5000,0,0
28,292000,778,160000,0.0,1,0.58,67900,330000,0
36,556000,816,170000,0.0,0,0.17,44900,0,0
50,150000,680,20000,11.1,0,0.02,5000,0,0
28,308000,447,331000,0.0,1,0.33,40700,90000,0
27,367000,791,732000,5.9,1,0.6,69500,187000,0
41,150000,821,1083000,12.6,0,0.48,56400,330000,0
61,150000,463,571000,0.5,1,0.1,19900,503000,1
37,647000,900,451000,0.6,3,0.58,81400,182000,1
54,329000,668,584000,6.4,0,0.29,35100,383000,1
26,336000,587,640000,0.0,2,0.42,75600,0,0
47,327000,715,735000,5.6,1,0.25,44500,62000,1
51,250000,609,726000,3.0,2,0.37,49500,500000,0
21,697000,813,310000,4.4,2,0.7,69300,0,0
50,274000,608,852000,3.1,1,0.36,54400,388000,0
26,269000,682,838000,9.5,2,0.37,45300,0,0
21,526000,767,180000,0.0,1,0.59,62800,90000,0
43,382000,744,453000,0.0,2,0.12,53500,0,0
30,482000,592,325000,0.0,2,0.46,57400,178000,1
35,365000,619,20000,10.4,0,0.11,5000,0,0
22,216000,761,930000,8.3,3,0.59,67900,109000,0
30,312000,472,350000,0.0,2,0.34,44800,122000,0
42,208000,737,629000,4.8,2,0.45,53200,375000,0
58,663000,667,606000,0.0,0,0.18,56100,28000,1
22,375000,718,240000,0.0,0,0.55,59900,149000,0
24,213000,611,99000,12.8,2,0.29,5000,56000,0
35,150000,797,389000,0.0,1,0.77,96400,750000,0
26,658000,603,396000,5.8,3,0.47,42500,70000,0
57,360000,661,746000,3.7,2,0.44,56300,662000,1
49,684000,619,656000,1.5,1,0.02,37100,0,1
29,439000,818,1054000,15.8,3,0.56,58400,82000,0
31,150000,791,433000,0.8,1,0.45,58200,140000,0
21,200000,536,159000,10.4,3,0.3,5000,0,0
42,858000,738,141000,0.0,0,0.44,63300,162000,1
25,632000,647,769000,5.5,2,0.66,71100,275000,0
41,202000,850,397000,3.3,1,0.02,29700,0,0
26,697000,464,697000,0.0,2,0.43,91200,0,0
61,252000,601,582000,2.8,1,0.19,32800,404000,1
30,150000,354,20000,9.7,1,0.2,5000,378000,0
49,619000,580,825000,6.9,1,0.36,47200,304000,1
24,162000,529,344000,5.6,1,0.28,20000,0,0
32,535000,552,201000,0.0,2,0.3,36300,5000,0
35,227000,651,1113000,3.3,0,0.6,80600,408000,0
23,347000,465,129000,7.5,0,0.37,10700,198000,0
49,363000,634,603000,3.2,1,0.38,48000,437000,1
34,172000,758,1240000,5.5,2,0.65,88300,378000,0
22,419000,748,577000,6.0,0,0.5,56300,0,0
46,286000,469,782000,2.2,2,0.32,43900,363000,1
23,245000,386,20000,7.8,0,0.35,5000,322000,0
25,418000,472,613000,3.2,2,0.4,43200,48000,1
41,404000,792,157000,6.3,1,0.02,6900,0,0
48,789000,845,41000,0.0,0,0.44,58800,284000,1
43,150000,669,20000,10.1,1,0.02,5000,0,0
36,150000,762,559000,0.0,2,0.6,82200,550000,0
27,306000,477,20000,8.3,1,0.06,5000,0,0
53,888000,736,489000,0.0,0,0.36,69900,142000,1
31,449000,443,20000,4.5,0,0.29,5400,220000,0
40,380000,665,532000,0.0,1,0.11,68400,0,0
37,364000,514,196000,0.0,1,0.22,35800,21000,0
54,222000,730,490000,5.5,1,0.38,40600,574000,1
21,270000,574,557000,7.6,2,0.69,51900,157000,0
40,592000,691,263000,0.0,2,0.45,53800,293000,1
44,553000,648,760000,5.2,1,0.31,49300,63000,1
34,257000,498,173000,0.0,0,0.33,50400,193000,0
34,385000,601,406000,0.8,2,0.43,48100,248000,1
38,207000,760,543000,1.1,2,0.52,64100,416000,0
31,422000,494,426000,0.0,4,0.35,45900,90000,1
48,755000,387,20000,0.0,0,0.08,16300,74000,0
40,475000,848,576000,3.6,2,0.44,63700,113000,1
25,243000,695,655000,0.0,3,0.63,82900,292000,0
47,150000,808,1008000,4.5,1,0.6,77000,696000,0
45,540000,778,160000,0.0,2,0.47,54100,429000,1
34,215000,808,147000,2.3,0,0.46,45100,290000,0
50,657000,590,110000,0.0,1,0.16,36400,22000,0
61,227000,557,876000,6.4,0,0.02,23500,72000,1
45,150000,732,1095000,6.9,0,0.46,64800,397000,0
41,486000,721,99000,1.0,2,0.29,35300,96000,1
21,167000,475,232000,3.6,1,0.52,31500,305000,0
65,443000,752,857000,10.9,2,0.31,40000,709000,1
29,234000,778,539000,0.1,1,0.66,76500,425000,0
34,456000,529,87000,0.0,0,0.23,25800,0,0
64,366000,678,715000,0.0,2,0.18,50600,273000,1
43,150000,723,875000,5.9,2,0.39,53000,330000,0
61,609000,625,645000,2.2,0,0.32,50200,471000,1
56,150000,606,892000,6.2,0,0.12,32500,146000,0
40,236000,715,725000,6.4,3,0.4,49700,234000,0
34,366000,697,20000,12.5,2,0.2,5000,17000,0
29,831000,576,307000,0.0,2,0.39,58000,0,1
21,150000,488,65000,19.9,3,0.64,5000,631000,0
45,632000,621,286000,0.0,2,0.32,48900,171000,1
25,410000,802,242000,0.0,3,0.64,68400,303000,0
55,465000,623,782000,7.1,0,0.23,37100,211000,1
48,887000,785,447000,0.0,1,0.25,65700,0,1
54,150000,677,957000,7.3,1,0.21,37300,315000,0
26,411000,757,1005000,3.6,1,0.66,88200,186000,0
41,419000,471,588000,1.0,0,0.23,36900,90000,1
29,386000,694,448000,4.0,2,0.29,40200,0,0
21,524000,670,623000,0.0,0,0.54,85200,0,0
40,505000,693,486000,0.0,1,0.26,69300,0,0
21,821000,788,292000,0.0,2,0.9,108500,71000,0
22,412000,795,298000,0.0,2,0.74,84200,375000,0
26,196000,510,395000,2.8,1,0.49,39000,373000,0
24,596000,785,478000,0.0,3,0.9,110300,710000,0
25,194000,453,20000,9.7,3,0.37,5000,407000,0
65,648000,717,525000,0.0,4,0.21,52200,591000,1
53,576000,820,496000,0.0,0,0.35,73300,164000,1
30,699000,638,216000,0.0,2,0.68,67200,507000,0
32,430000,536,209000,0.0,3,0.41,55600,192000,1
21,551000,782,721000,4.0,3,0.71,82800,61000,0
39,461000,668,549000,0.0,4,0.17,55400,0,0
27,211000,674,764000,4.1,1,0.51,61700,186000,0
29,674000,589,20000,2.0,0,0.36,28100,37000,0
43,984000,678,569000,4.2,1,0.26,49300,0,1
42,955000,666,596000,2.3,0,0.24,52700,0,1
36,342000,488,20000,5.6,2,0.04,5000,0,0
41,150000,490,43000,3.7,1,0.02,5000,0,0
49,150000,575,736000,4.6,3,0.41,42200,683000,1
21,425000,844,284000,0.0,0,0.76,87200,285000,1
23,486000,419,569000,0.0,3,0.46,60300,90000,0
23,492000,872,580000,0.0,2,0.89,103300,523000,0
31,634000,639,282000,0.0,3,0.41,63100,0,0
32,423000,422,68000,0.0,3,0.29,20200,201000,0
51,796000,661,574000,4.8,1,0.28,44500,85000,1
21,470000,774,461000,0.0,2,0.89,97300,440000,0
21,262000,523,720000,0.0,0,0.56,70000,31000,0
21,662000,733,20000,0.0,3,0.84,93000,164000,0
21,494000,481,276000,0.9,2,0.44,39800,23000,0
39,490000,543,475000,0.0,1,0.37,51600,216000,1
21,355000,300,176000,0.0,3,0.55,48100,472000,0
21,150000,548,352000,5.2,0,0.36,26100,38000,0
30,150000,796,987000,4.6,1,0.68,83300,432000,0
39,530000,617,281000,0.0,2,0.31,66300,5000,0
45,457000,691,751000,8.5,3,0.35,43800,178000,1
38,933000,900,326000,0.2,3,0.38,68600,0,1
65,391000,432,957000,6.6,0,0.02,13800,0,0
28,312000,522,277000,7.4,1,0.2,9300,0,0
32,283000,854,857000,5.3,3,0.61,78400,253000,0
50,751000,460,850000,8.7,3,0.02,16600,0,1
21,150000,536,272000,6.9,0,0.38,19100,95000,0
34,219000,660,595000,2.1,1,0.54,59900,423000,0
26,355000,900,366000,1.6,3,0.7,77200,363000,0
31,227000,303,20000,3.3,3,0.27,5000,449000,0
55,188000,615,927000,3.0,0,0.27,51000,326000,1
22,549000,602,325000,0.0,1,0.48,59500,4000,0
56,150000,351,1424000,9.7,2,0.29,39800,556000,1
26,150000,769,672000,0.0,2,0.63,81000,308000,0
36,150000,515,20000,7.3,1,0.02,5000,0,0
54,287000,648,798000,4.3,1,0.04,33700,0,1
37,790000,847,512000,4.6,0,0.46,64300,0,1
21,804000,694,409000,0.0,0,0.9,103500,433000,0
22,607000,576,594000,0.0,1,0.5,90500,0,0
46,150000,640,557000,0.0,1,0.34,49900,421000,0
35,150000,441,1070000,10.8,2,0.39,33200,402000,1
40,619000,888,425000,0.0,2,0.22,59000,0,0
40,598000,727,648000,7.2,0,0.32,45700,0,1
27,525000,714,20000,0.0,2,0.55,65200,269000,0
44,670000,585,240000,0.0,0,0.23,45300,0,1
31,292000,778,534000,0.0,2,0.61,76000,354000,0
29,325000,900,482000,13.7,0,0.41,36100,0,0
32,556000,722,101000,4.5,1,0.26,27400,0,0
42,923000,823,410000,0.0,2,0.28,62600,0,1
47,339000,829,229000,8.5,2,0.07,13200,0,0
54,325000,540,946000,8.7,3,0.09,25700,38000,1
21,242000,418,503000,0.0,2,0.45,48000,0,0
32,492000,697,249000,1.0,2,0.53,54400,327000,0
58,150000,668,902000,12.1,2,0.05,14800,166000,0
50,475000,630,609000,1.9,2,0.39,52900,413000,1
21,833000,813,224000,0.0,0,0.9,127300,866000,0
45,327000,603,862000,4.0,0,0.45,58300,435000,0
49,150000,862,725000,10.4,3,0.18,29800,114000,0
35,150000,884,543000,0.3,0,0.51,68700,331000,0
33,150000,733,565000,0.0,1,0.61,84500,449000,0
31,388000,468,154000,0.0,1,0.29,40800,46000,0
47,521000,723,553000,3.2,0,0.5,60000,489000,1
39,945000,764,499000,4.3,2,0.4,58600,0,1
39,748000,643,344000,0.0,2,0.3,57400,0,0
42,1043000,878,330000,0.0,1,0.51,85700,43000,1
33,384000,586,358000,0.2,1,0.37,43700,143000,0
41,571000,692,20000,0.0,2,0.03,18700,0,0
58,474000,540,879000,6.6,0,0.08,29500,25000,1
33,268000,560,86000,2.6,0,0.11,9700,0,0
21,781000,900,318000,0.9,2,0.53,81500,0,1
33,783000,900,273000,0.0,3,0.48,82400,0,1
21,609000,725,268000,1.5,2,0.6,62000,63000,0
36,150000,763,250000,0.0,2,0.5,57000,423000,0
47,591000,805,536000,0.0,0,0.3,65600,0,1
22,380000,692,199000,0.3,3,0.58,55900,261000,1
41,525000,833,528000,2.1,2,0.36,60700,0,1
22,150000,539,546000,3.1,2,0.56,48700,400000,1
40,273000,629,616000,10.1,3,0.22,22000,38000,0
46,553000,717,616000,0.5,3,0.17,51200,0,1
36,745000,779,586000,7.1,1,0.44,56000,0,1
21,269000,311,70000,5.2,0,0.5,11600,392000,0
40,150000,765,822000,0.9,0,0.63,79800,631000,0
37,372000,675,106000,5.9,0,0.14,11500,0,0
21,489000,846,914000,5.6,1,0.9,102900,583000,0
35,674000,543,702000,2.1,2,0.59,66600,423000,0
21,277000,857,792000,0.3,0,0.44,80500,0,0
21,745000,690,20000,0.0,1,0.57,59600,48000,0
36,520000,763,737000,6.1,2,0.49,63200,147000,1
47,438000,889,509000,0.2,1,0.38,67100,132000,1
51,475000,790,127000,0.0,2,0.38,49000,423000,1
34,233000,652,127000,10.1,2,0.09,5000,0,0
41,585000,562,625000,1.7,1,0.38,52200,203000,1
21,439000,538,637000,0.0,2,0.59,83200,0,0
21,843000,645,454000,0.0,2,0.86,94100,173000,0
54,150000,469,1009000,8.2,2,0.22,30100,398000,1
27,150000,564,154000,15.2,2,0.09,5000,0,0
42,150000,300,853000,0.0,2,0.18,33700,248000,1
41,150000,764,640000,5.5,1,0.4,49600,292000,0
21,413000,628,637000,0.0,0,0.78,88300,128000,0
22,150000,660,341000,2.2,3,0.6,52600,401000,1
59,749000,538,20000,0.0,0,0.02,5000,136000,0
36,805000,883,428000,0.0,1,0.49,77300,0,1
21,150000,616,311000,10.9,2,0.22,5000,0,0
36,268000,650,185000,1.4,1,0.04,17500,0,0
36,219000,506,128000,5.1,0,0.21,6700,177000,0
40,766000,747,631000,6.7,2,0.46,57800,131000,1
21,284000,434,545000,0.9,4,0.59,53800,160000,0
39,919000,694,662000,5.3,2,0.35,55600,0,1
21,420000,754,222000,0.0,0,0.69,67600,337000,0
31,150000,421,383000,0.0,0,0.34,35800,299000,0
21,721000,700,52000,0.0,1,0.9,116300,546000,0
32,259000,681,891000,9.9,1,0.3,41400,0,0
50,470000,366,496000,0.0,1,0.09,34800,57000,1
50,824000,751,192000,0.0,3,0.02,48000,0,0
32,150000,898,294000,2.3,1,0.53,58800,301000,0
45,311000,596,20000,5.9,1,0.05,5000,0,0
39,182000,460,820000,2.5,1,0.41,48300,422000,1
58,331000,580,1055000,8.3,2,0.42,51300,673000,1
21,154000,491,168000,11.9,0,0.19,5000,0,1
31,435000,683,160000,1.6,1,0.43,42200,172000,1
51,694000,900,340000,8.8,1,0.55,54400,525000,1
50,150000,644,720000,8.2,3,0.21,26400,270000,0
21,557000,726,958000,2.8,1,0.9,103600,480000,0
34,150000,833,517000,3.6,1,0.5,58500,299000,0
26,354000,617,104000,4.7,2,0.22,16500,0,0
51,382000,731,730000,1.0,0,0.32,60300,196000,1
36,835000,664,711000,6.0,2,0.23,46400,0,1
39,1137000,783,428000,1.8,0,0.5,71200,30000,1
49,150000,825,680000,9.9,4,0.12,21600,75000,0
21,150000,391,75000,7.2,1,0.33,5000,205000,0
52,374000,630,763000,4.2,1,0.42,53600,521000,1
21,232000,646,375000,9.7,2,0.56,34500,246000,0
53,536000,616,689000,4.7,0,0.02,26000,0,0
21,251000,372,302000,0.0,1,0.47,41900,211000,0
31,568000,401,103000,0.0,3,0.27,31700,20000,0
29,1286000,900,136000,0.0,3,0.59,98300,0,1
46,1136000,778,393000,0.7,2,0.38,64500,0,1
46,150000,629,1339000,0.3,0,0.59,90200,667000,0
22,685000,674,484000,0.0,3,0.81,91700,456000,0
65,150000,390,1193000,8.8,0,0.02,14700,187000,1
38,209000,661,941000,2.3,3,0.53,72500,385000,0
40,634000,538,101000,0.0,1,0.21,35800,0,0
27,167000,862,662000,12.1,2,0.42,43100,0,0
57,1200000,646,456000,0.0,1,0.2,62700,0,1
50,558000,595,210000,0.0,2,0.02,25400,0,0
47,150000,704,614000,6.9,1,0.18,26000,152000,0
35,432000,811,516000,5.9,1,0.69,67000,576000,0
53,996000,555,700000,4.1,2,0.08,37300,0,1
31,601000,670,416000,10.7,1,0.3,24700,0,0
27,301000,685,213000,0.0,1,0.55,58400,324000,0
32,473000,825,579000,2.0,3,0.33,61000,0,1
26,326000,547,514000,0.0,1,0.42,63200,27000,0
53,321000,770,502000,4.9,0,0.4,47100,500000,1
44,787000,717,206000,0.0,0,0.02,36600,0,0
21,752000,857,506000,0.0,0,0.9,141900,544000,0
37,785000,491,20000,0.0,3,0.23,26000,0,0
57,305000,770,686000,3.5,1,0.23,47900,206000,1
29,452000,725,391000,0.0,1,0.73,85400,536000,0
52,682000,745,403000,4.3,1,0.38,47100,335000,1
46,431000,783,599000,0.0,2,0.24,59800,0,1
21,343000,845,414000,0.0,1,0.9,116300,416000,0
38,985000,766,480000,2.7,1,0.27,55200,0,1
62,209000,731,718000,8.3,1,0.36,40600,658000,1
23,327000,893,837000,2.1,3,0.9,106700,580000,0
44,292000,530,975000,9.6,1,0.02,21100,0,1
34,541000,648,285000,0.0,3,0.26,43200,0,0
45,281000,687,452000,3.0,2,0.42,46500,460000,1
29,395000,300,20000,3.2,1,0.32,5000,452000,0
22,361000,443,20000,11.3,0,0.3,5000,152000,0
21,415000,812,723000,2.4,0,0.76,89100,293000,0
45,257000,636,286000,4.7,2,0.32,27000,398000,0
34,237000,444,20000,5.3,2,0.13,5000,97000,0
27,301000,437,100000,0.0,2,0.28,27100,59000,0
41,426000,900,485000,1.4,2,0.35,63000,0,1
46,681000,540,852000,8.3,1,0.09,29100,0,1
24,152000,358,34000,6.1,1,0.33,5000,351000,0
26,295000,867,461000,0.0,3,0.81,90000,569000,0
43,198000,725,756000,13.0,2,0.15,20900,0,0
43,566000,900,444000,0.0,1,0.38,74700,0,1
57,569000,636,615000,4.4,3,0.26,41000,295000,1
42,154000,821,443000,0.0,0,0.65,85200,674000,0
21,150000,649,404000,8.1,3,0.52,35700,228000,0
38,343000,692,264000,2.7,1,0.02,19900,0,0
33,421000,524,272000,0.0,1,0.28,52200,0,0
43,868000,658,605000,2.5,0,0.28,53100,0,1
34,921000,900,294000,0.0,2,0.24,65100,0,1
52,346000,715,20000,2.9,1,0.02,5000,0,0
21,472000,698,751000,0.0,3,0.57,90300,0,0
47,659000,764,569000,2.7,1,0.31,55500,26000,1
21,456000,537,320000,0.0,1,0.41,49100,0,0
35,150000,900,962000,10.1,1,0.46,61400,165000,0
35,472000,732,250000,0.0,0,0.53,61200,352000,1
52,674000,832,494000,2.3,0,0.48,66200,388000,1
37,150000,745,821000,12.8,1,0.32,33600,76000,0
24,404000,529,228000,3.2,1,0.37,29200,50000,0
48,620000,629,20000,0.0,1,0.02,5000,0,0
22,653000,675,238000,0.0,1,0.71,71200,386000,0
46,222000,547,673000,4.8,0,0.29,35100,310000,1
46,333000,596,945000,11.0,3,0.34,37700,279000,0
21,540000,823,618000,0.0,3,0.9,107900,491000,0
39,856000,755,452000,0.0,3,0.25,88200,0,0
41,150000,811,731000,0.0,1,0.69,95900,744000,0
39,364000,733,382000,0.0,1,0.08,41100,0,0
27,201000,373,20000,2.0,2,0.28,6700,247000,0
21,150000,365,156000,3.6,1,0.6,25000,618000,0
47,150000,900,883000,15.8,1,0.37,38600,287000,0
48,330000,480,757000,1.8,1,0.29,43700,324000,1
50,160000,685,381000,2.6,1,0.35,38400,508000,1
37,213000,877,652000,8.7,1,0.37,48800,11000,0
43,347000,611,762000,1.4,1,0.5,64000,480000,1
30,237000,524,200000,2.4,3,0.24,20000,17000,0
59,408000,679,670000,3.2,0,0.13,38500,83000,1
60,150000,636,794000,0.7,5,0.33,51800,666000,0
45,705000,584,66000,0.0,2,0.18,34300,0,0
33,319000,696,301000,0.0,2,0.9,112200,957000,0
39,427000,798,733000,10.8,2,0.65,60300,581000,1
40,169000,615,372000,0.0,3,0.5,66100,526000,0
21,757000,900,456000,2.8,2,0.65,86500,0,1
43,357000,612,942000,6.7,0,0.3,47800,85000,0
48,150000,301,516000,0.0,3,0.02,19000,61000,1
45,485000,867,359000,0.0,2,0.02,38300,0,0
44,150000,833,573000,10.8,3,0.3,32300,174000,0
23,488000,766,226000,0.0,0,0.84,94500,586000,0
22,655000,538,317000,0.0,2,0.39,47700,0,0
40,855000,856,424000,0.2,2,0.42,70700,0,1
22,553000,753,68000,0.0,2,0.57,57500,163000,1
50,890000,692,630000,0.4,0,0.5,72800,359000,1
21,220000,379,20000,5.4,2,0.37,5100,192000,0
51,150000,397,1102000,6.7,2,0.29,31700,670000,1
21,433000,900,388000,0.0,1,0.84,97100,221000,0
40,554000,586,579000,2.1,2,0.38,50200,189000,1
51,659000,900,346000,0.0,0,0.34,77900,1000,1
26,150000,900,1097000,3.3,3,0.9,115000,686000,0
26,341000,519,498000,0.0,1,0.21,61300,0,0
37,250000,807,521000,3.2,3,0.54,62700,397000,0
52,150000,610,913000,8.1,2,0.44,45400,694000,1
35,549000,542,728000,2.4,2,0.5,60100,287000,1
56,312000,496,20000,0.0,2,0.02,5000,0,0
28,618000,745,855000,10.5,4,0.69,69000,325000,0
21,259000,875,589000,0.0,2,0.71,89200,68000,0
38,180000,742,177000,6.7,2,0.2,16900,0,0
21,725000,806,20000,0.0,2,0.89,94000,339000,0
21,150000,554,585000,5.1,1,0.34,34200,0,0
60,614000,427,1123000,6.7,0,0.14,37400,155000,1
51,150000,686,789000,5.8,0,0.39,48200,516000,0
21,150000,770,466000,10.7,1,0.26,25400,0,0
26,531000,752,354000,1.1,3,0.57,64600,164000,0
32,336000,746,795000,3.5,3,0.64,76700,379000,0
54,573000,644,714000,0.3,2,0.06,44800,0,1
21,745000,831,226000,0.0,0,0.9,124100,536000,0
64,737000,488,770000,3.0,1,0.08,33600,97000,1
41,431000,611,281000,0.0,1,0.16,34900,0,0
39,404000,604,678000,6.0,0,0.44,47000,338000,1
21,619000,688,875000,2.2,2,0.88,98400,415000,0
51,373000,800,576000,0.0,3,0.27,62400,72000,1
47,150000,615,714000,6.0,1,0.44,42000,662000,1
25,176000,619,405000,2.0,2,0.21,32500,0,0
46,238000,338,673000,0.0,1,0.12,30600,106000,1
21,477000,485,328000,1.4,1,0.57,48000,246000,0
58,816000,658,504000,0.0,0,0.07,51700,0,1
24,150000,426,206000,2.7,0,0.4,21900,334000,0
49,562000,825,505000,3.3,2,0.33,54600,115000,1
53,150000,647,809000,3.1,3,0.02,31200,0,1
42,150000,750,70000,4.9,2,0.02,5000,0,0
21,471000,687,365000,0.0,0,0.63,74500,0,0
21,696000,861,280000,5.7,1,0.75,70000,161000,0
36,1128000,802,392000,0.0,1,0.31,65400,0,1
62,325000,542,869000,2.6,0,0.05,34500,96000,1
25,354000,442,797000,2.3,0,0.49,55100,193000,1
32,712000,669,570000,11.0,4,0.54,44500,268000,0
28,488000,746,643000,0.0,3,0.38,73200,0,0
42,150000,491,759000,8.0,1,0.26,24500,297000,1
55,399000,603,775000,2.0,0,0.06,38000,0,1
43,329000,523,782000,6.6,1,0.33,37500,278000,1
56,150000,752,723000,0.0,2,0.16,55300,90000,1
50,420000,728,662000,5.8,1,0.48,55300,548000,1
48,733000,900,310000,0.0,3,0.51,86200,209000,1
40,336000,519,57000,2.1,3,0.12,8400,23000,0
42,329000,666,525000,1.6,0,0.52,57900,530000,1
35,952000,880,384000,1.8,0,0.59,77300,83000,1
21,885000,728,472000,0.0,0,0.9,118700,462000,0
48,150000,577,740000,8.9,2,0.3,28900,415000,1
29,150000,502,43000,11.7,0,0.17,5000,104000,0
21,252000,612,299000,2.5,3,0.27,31300,0,0
21,199000,443,342000,6.1,1,0.51,28800,58000,0
47,156000,648,544000,5.6,0,0.34,35600,438000,0
32,632000,782,450000,9.7,0,0.51,46800,158000,0
63,159000,553,585000,0.7,1,0.2,34300,538000,1
21,250000,488,528000,0.0,1,0.46,54500,49000,0
21,734000,701,420000,0.0,0,0.77,82800,324000,0
21,618000,873,741000,9.6,0,0.8,81800,31000,0
21,396000,476,488000,0.0,0,0.35,53300,0,0
43,150000,792,627000,1.7,2,0.41,56600,393000,0
40,786000,385,80000,0.0,1,0.42,47000,429000,0
62,394000,461,989000,5.9,2,0.02,24100,0,1
21,655000,770,889000,1.7,1,0.9,112100,502000,0
49,150000,503,639000,0.0,1,0.31,43300,469000,1
50,205000,493,20000,5.1,2,0.02,5000,73000,0
22,438000,800,221000,0.0,3,0.66,71900,242000,0
24,264000,452,20000,5.4,1,0.33,5000,218000,0
53,667000,695,573000,0.0,3,0.13,48800,0,1
46,150000,562,762000,8.0,2,0.36,32500,538000,1
32,150000,434,223000,0.1,1,0.2,15600,156000,0
44,150000,733,1000000,6.2,0,0.28,50400,115000,0
31,322000,651,20000,0.0,3,0.74,79500,815000,0
36,376000,900,125000,0.0,3,0.67,112200,171000,1
53,190000,673,795000,11.6,1,0.43,36900,668000,0
21,731000,792,410000,0.0,2,0.9,97900,511000,0
57,150000,773,1035000,12.2,0,0.41,48600,596000,0
43,311000,482,20000,7.6,2,0.06,5000,151000,0
26,546000,479,410000,0.0,0,0.33,41700,0,1
21,236000,511,174000,4.6,3,0.48,27700,167000,0
23,367000,394,373000,0.0,0,0.35,54400,0,0
44,540000,707,610000,0.9,1,0.05,42900,0,1
30,190000,856,316000,4.6,2,0.42,47200,72000,0
50,754000,493,829000,6.7,3,0.13,32100,0,1
21,683000,773,518000,3.2,1,0.52,67900,0,0
38,407000,614,92000,4.8,1,0.14,10400,0,0
39,150000,743,966000,13.4,2,0.3,36100,51000,0
42,425000,605,504000,1.3,2,0.39,49200,304000,1
63,430000,457,936000,5.5,3,0.02,17600,0,1
33,267000,590,388000,0.0,2,0.26,47200,0,0
23,319000,517,63000,1.4,0,0.29,20600,0,0
53,922000,670,550000,3.8,3,0.19,43400,0,1
30,271000,648,286000,0.0,1,0.5,68800,244000,0
21,327000,553,196000,8.1,3,0.52,26200,94000,0
46,164000,457,907000,4.7,4,0.27,37900,317000,1
51,471000,714,652000,1.7,4,0.24,51400,42000,1
47,167000,733,885000,10.7,1,0.38,43800,374000,0
25,554000,683,746000,0.0,3,0.77,103500,373000,0
25,150000,791,750000,0.0,2,0.73,99800,389000,0
52,154000,688,712000,9.5,0,0.38,36900,567000,1
41,483000,513,365000,0.0,3,0.28,42800,144000,1
24,545000,720,700000,4.9,2,0.74,77400,394000,0
61,319000,396,1033000,8.1,1,0.02,10800,0,0
38,326000,547,204000,0.0,1,0.3,40300,176000,0
39,150000,696,1184000,11.1,3,0.29,47400,0,0
63,150000,582,798000,11.2,0,0.15,14600,511000,1
43,1110000,710,444000,0.1,0,0.33,61900,0,1
30,376000,736,502000,0.0,2,0.69,76500,499000,0
21,435000,687,662000,0.0,3,0.66,82300,163000,0
24,501000,653,767000,8.5,1,0.41,48800,0,0
41,150000,779,875000,4.9,3,0.54,66800,507000,0
42,845000,780,503000,0.0,1,0.36,66800,0,1
29,477000,763,748000,9.9,2,0.44,51600,0,1
21,403000,656,581000,6.8,3,0.47,48600,0,0
21,651000,731,479000,0.0,3,0.9,108800,379000,0
58,257000,654,756000,0.7,1,0.13,45000,112000,1
21,656000,874,188000,0.0,1,0.9,102400,350000,0
23,156000,619,189000,9.1,1,0.28,10000,0,0
29,695000,788,601000,5.1,1,0.33,56000,0,1
28,150000,373,280000,3.7,1,0.3,12800,273000,0
41,1063000,900,262000,0.0,2,0.61,94000,152000,1
21,269000,571,370000,5.9,0,0.47,35000,57000,0
31,191000,522,104000,3.1,2,0.12,6700,0,0
51,225000,461,837000,5.0,2,0.22,32100,328000,1
30,427000,702,664000,2.1,1,0.68,75700,453000,0
21,660000,722,213000,0.0,2,0.82,79200,453000,0
21,259000,477,20000,14.7,3,0.33,5000,272000,0
40,150000,339,615000,0.0,1,0.18,28500,231000,1
22,150000,477,149000,2.1,1,0.34,20400,160000,0
21,383000,722,807000,0.0,1,0.7,93000,0,0
52,285000,585,815000,4.7,2,0.39,48900,523000,1
36,384000,884,551000,0.1,0,0.32,66000,0,1
21,631000,744,398000,0.0,2,0.88,95000,297000,0
21,324000,900,409000,0.0,1,0.9,120500,567000,0
36,525000,841,579000,5.7,3,0.45,59500,42000,1
21,150000,433,283000,12.5,0,0.5,7800,243000,0
48,691000,821,447000,0.0,1,0.26,60200,0,1
57,705000,407,1015000,3.4,2,0.15,42300,102000,1
38,503000,776,423000,0.0,1,0.11,45900,0,0
34,287000,782,428000,1.1,0,0.67,70900,580000,0
21,155000,300,20000,7.2,0,0.64,5000,485000,0
41,422000,442,697000,0.1,3,0.3,45300,182000,1
33,150000,787,935000,4.3,2,0.56,74600,289000,0
22,180000,772,909000,0.7,2,0.65,89000,164000,0
49,868000,606,665000,4.5,2,0.36,51600,196000,1
35,268000,846,830000,8.7,2,0.64,69700,446000,0
38,439000,658,500000,5.5,0,0.33,38800,100000,0
21,571000,712,464000,0.0,1,0.9,107000,452000,0
63,654000,368,925000,5.6,2,0.02,13000,0,1
23,579000,725,202000,0.0,1,0.74,84400,411000,0
21,150000,476,125000,4.7,2,0.2,6000,0,0
25,224000,350,276000,0.0,1,0.41,40300,299000,0
42,150000,664,588000,5.1,0,0.17,28200,14000,0
28,150000,825,939000,4.0,2,0.55,77400,121000,0
36,391000,347,509000,0.0,2,0.18,37500,0,1
36,829000,823,507000,4.6,2,0.4,60100,0,1
50,563000,886,455000,0.0,3,0.3,68200,0,1
50,1107000,674,454000,0.0,1,0.22,53800,0,1
30,651000,689,763000,6.1,1,0.62,69400,265000,0
25,278000,757,1145000,12.9,0,0.57,64500,90000,0
21,188000,535,418000,7.1,1,0.71,46000,251000,0
32,365000,590,529000,7.0,2,0.33,32100,76000,0
26,389000,741,378000,3.1,4,0.66,62800,417000,0
22,150000,366,1101000,7.5,2,0.54,47300,440000,1
47,287000,836,849000,15.3,2,0.38,38500,259000,0
21,169000,577,695000,9.0,0,0.64,51200,0,0
53,428000,754,186000,2.7,3,0.27,33700,304000,1
22,608000,745,947000,0.0,2,0.9,126600,668000,0
57,150000,497,822000,6.1,3,0.19,26700,434000,1
30,467000,696,596000,0.5,1,0.6,73100,302000,0
48,150000,578,879000,8.6,3,0.47,38400,853000,1
24,277000,856,1139000,7.4,1,0.82,97300,417000,0
49,150000,765,822000,4.6,2,0.31,51200,291000,1
43,283000,577,20000,7.7,0,0.04,5000,0,0
21,545000,726,33000,2.3,2,0.48,43800,0,0
40,344000,460,156000,0.0,1,0.22,28900,176000,0
21,445000,879,624000,3.1,2,0.88,94100,472000,0
42,516000,807,583000,1.5,2,0.39,64500,68000,1
21,771000,645,343000,0.0,2,0.9,107500,511000,0
37,477000,541,886000,0.0,1,0.67,85400,595000,0
44,391000,473,683000,1.0,1,0.32,45000,293000,1
53,334000,677,160000,0.0,2,0.09,24100,61000,0
47,150000,683,853000,10.3,2,0.3,34800,305000,0
21,581000,720,298000,0.0,4,0.76,90900,280000,0
21,150000,539,368000,13.0,2,0.34,5000,167000,0
25,444000,703,411000,0.0,2,0.66,76200,350000,0
56,635000,662,585000,0.0,1,0.07,43300,0,1
30,266000,538,354000,0.2,0,0.35,38800,140000,1
41,573000,761,685000,4.3,2,0.4,60500,62000,1
36,527000,848,528000,4.8,1,0.29,51500,0,1
32,942000,900,365000,2.3,2,0.68,85700,130000,1
42,370000,429,1108000,7.0,2,0.38,48200,316000,1
38,514000,671,418000,2.7,3,0.43,49800,249000,1
21,315000,895,555000,10.5,0,0.59,57300,0,0
23,340000,655,422000,6.3,1,0.34,34200,0,0
40,541000,826,190000,3.1,3,0.46,50100,265000,1
26,416000,434,202000,0.6,1,0.28,24000,0,0
29,352000,689,957000,4.9,0,0.78,84600,600000,0
34,358000,757,769000,10.4,2,0.45,49100,139000,0
28,150000,516,327000,4.8,2,0.27,18900,71000,0
25,150000,900,1139000,8.7,0,0.64,82900,161000,0
23,383000,410,241000,0.0,0,0.46,39100,271000,0
41,150000,676,20000,12.0,1,0.02,5000,0,0
56,366000,900,139000,6.0,0,0.02,8600,0,0
39,150000,816,815000,6.0,1,0.4,57600,149000,0
49,617000,631,668000,4.2,2,0.02,31600,0,1
38,253000,407,666000,0.0,2,0.28,39800,204000,1
21,489000,692,105000,5.3,2,0.46,35100,0,0
22,194000,750,433000,0.0,2,0.8,96700,546000,0
49,678000,676,635000,3.4,3,0.12,41400,0,1
47,150000,900,1139000,11.5,4,0.62,76900,594000,0
25,151000,522,165000,5.2,1,0.25,11200,0,0
27,189000,602,193000,0.0,0,0.42,41600,215000,1
44,438000,706,359000,0.1,4,0.43,53700,356000,1
24,150000,708,634000,0.0,1,0.58,77300,229000,0
35,499000,426,408000,0.0,2,0.6,80900,588000,0
46,428000,350,20000,0.0,4,0.15,17200,268000,0
28,150000,710,20000,15.4,1,0.12,5000,0,0
49,150000,881,434000,2.8,2,0.43,52600,526000,0
41,150000,527,1684000,19.1,3,0.64,56300,800000,1
41,685000,772,554000,1.2,0,0.3,59300,0,1
29,373000,338,61000,0.0,2,0.35,21800,336000,0
39,300000,875,463000,0.0,0,0.07,50900,0,0
37,458000,618,242000,0.0,1,0.31,40300,91000,0
21,787000,747,576000,0.0,3,0.9,131900,395000,0
27,300000,523,104000,8.8,3,0.27,5000,85000,0
37,464000,665,215000,0.0,2,0.17,40900,0,0
23,700000,652,280000,0.0,2,0.26,51900,0,0
22,436000,829,793000,0.0,0,0.89,109300,477000,0
21,150000,900,863000,2.3,0,0.74,96500,116000,0
65,150000,412,1157000,8.2,0,0.11,22200,617000,1
55,150000,763,679000,5.3,1,0.29,39800,491000,0
49,150000,637,767000,7.9,1,0.46,42100,740000,1
38,688000,799,340000,0.0,2,0.09,50100,0,0
42,762000,848,419000,0.1,0,0.32,63200,0,1
51,798000,660,660000,1.9,1,0.31,56800,112000,1
41,150000,900,841000,11.1,2,0.23,38100,0,0
27,210000,413,89000,0.0,2,0.31,20200,212000,0
49,362000,691,728000,6.3,2,0.29,43500,193000,1
21,150000,300,267000,1.4,2,0.67,29700,404000,0
55,605000,504,876000,5.9,4,0.17,36300,114000,1
45,884000,593,543000,0.0,0,0.38,65000,107000,1
36,150000,845,578000,4.8,1,0.39,53400,111000,0
25,581000,786,283000,0.0,3,0.89,102400,631000,0
40,628000,626,242000,0.0,1,0.32,50900,65000,1
62,299000,731,482000,3.1,3,0.31,42600,567000,1
31,150000,872,743000,0.0,0,0.89,101100,790000,0
56,150000,697,453000,5.0,0,0.06,15900,182000,0
49,150000,752,1133000,18.4,4,0.24,27200,150000,0
47,562000,601,144000,0.0,1,0.03,33200,0,0
34,702000,691,300000,0.0,1,0.21,55400,0,0
21,150000,440,564000,1.4,0,0.47,44000,146000,1
32,150000,422,539000,0.0,0,0.31,35600,222000,1
47,699000,802,529000,2.9,1,0.38,59700,110000,1
45,847000,801,226000,0.0,0,0.47,62000,241000,1
44,637000,689,447000,0.0,1,0.17,71300,0,0
44,846000,593,237000,0.0,1,0.29,81700,0,0
23,613000,671,171000,0.0,2,0.83,98500,581000,0
45,853000,595,459000,0.0,4,0.31,51400,40000,1
33,510000,638,515000,4.2,1,0.47,50800,227000,1
37,281000,696,760000,0.0,2,0.75,99700,705000,0
33,484000,761,230000,0.0,1,0.19,44000,0,0
21,387000,896,448000,1.8,1,0.74,83400,213000,0
29,474000,532,248000,0.0,3,0.38,42200,111000,0
33,610000,508,336000,0.0,0,0.31,47800,0,1
44,154000,554,20000,10.5,1,0.02,5000,0,0
29,413000,547,139000,1.1,2,0.25,24700,0,0
36,581000,744,619000,0.0,0,0.85,92700,817000,0
31,150000,655,484000,0.0,1,0.43,58600,256000,0
34,254000,673,638000,0.0,3,0.28,75000,0,0
43,920000,590,730000,2.5,0,0.26,54000,0,1
35,236000,776,531000,1.9,3,0.61,68600,491000,0
44,150000,850,829000,5.6,1,0.26,47300,124000,0
27,306000,590,443000,3.4,0,0.4,40900,83000,0
34,150000,775,1129000,6.2,1,0.51,74100,183000,0
35,384000,755,397000,0.6,2,0.59,65800,437000,0
21,167000,352,20000,13.1,0,0.41,5000,543000,0
42,471000,476,20000,4.7,0,0.02,5000,0,0
27,363000,590,646000,0.0,2,0.47,68400,68000,0
23,150000,778,1269000,12.5,0,0.51,66100,0,0
22,390000,822,619000,0.2,1,0.67,85700,156000,0
30,556000,408,20000,3.2,3,0.36,8500,327000,0
65,213000,395,1020000,0.0,1,0.02,31300,584000,1
43,669000,798,490000,0.0,0,0.24,62300,0,1
26,263000,824,750000,6.1,1,0.58,69300,135000,0
29,331000,805,541000,14.1,1,0.32,26700,0,0
38,388000,765,913000,3.9,3,0.71,85800,590000,0
29,379000,683,451000,0.0,0,0.21,47700,0,0
21,190000,525,55000,8.9,2,0.54,15200,478000,0
47,305000,736,20000,6.1,0,0.07,5000,0,0
21,524000,809,253000,0.0,2,0.74,81900,318000,0
45,475000,816,671000,14.9,2,0.45,38200,361000,0
48,624000,591,735000,5.4,1,0.02,29000,0,1
46,796000,525,790000,4.6,1,0.02,32300,0,1
37,506000,754,217000,0.1,3,0.51,56900,339000,1
37,425000,685,552000,0.0,2,0.13,53500,0,0
37,493000,576,665000,3.7,1,0.4,49800,180000,1
32,334000,438,51000,0.4,0,0.26,16100,168000,0
54,519000,834,565000,0.0,1,0.4,69900,297000,1
21,511000,581,222000,6.9,1,0.37,24900,0,0
21,259000,800,561000,3.9,3,0.28,50000,0,0
46,665000,834,482000,0.3,1,0.39,66700,82000,1
65,492000,619,548000,3.2,1,0.11,29700,358000,1
38,491000,746,216000,0.1,2,0.22,40300,0,0
21,330000,817,453000,0.0,0,0.83,105300,281000,0
46,823000,608,618000,5.8,0,0.15,34400,0,1
26,343000,750,20000,0.0,0,0.65,68600,451000,0
33,390000,664,298000,4.9,2,0.27,28800,0,0
47,312000,374,342000,0.0,2,0.1,29600,107000,1
22,267000,345,240000,0.0,3,0.46,44300,316000,0
23,541000,780,536000,2.3,2,0.75,81300,374000,0
21,702000,900,477000,0.0,1,0.9,147800,629000,0
41,486000,588,442000,0.0,4,0.23,59800,0,0
21,573000,823,517000,0.0,2,0.81,94800,161000,0
55,316000,598,793000,4.6,2,0.02,22500,0,1
39,610000,843,459000,0.0,3,0.31,63600,0,1
42,716000,715,20000,2.8,0,0.12,14900,0,0
25,223000,659,20000,0.0,0,0.59,80100,360000,0
21,396000,528,452000,6.2,1,0.52,40900,0,0
21,204000,624,131000,14.7,3,0.17,5000,0,0
40,453000,730,701000,5.8,1,0.24,45500,0,1
28,181000,300,486000,0.0,3,0.19,34000,0,1
24,297000,344,41000,4.8,0,0.31,5000,222000,0
39,673000,750,75000,0.0,2,0.8,76400,878000,0
29,742000,562,340000,0.0,3,0.44,62900,23000,0
51,379000,582,683000,7.8,3,0.23,28700,257000,1
61,501000,471,874000,1.7,1,0.02,29700,0,1
46,335000,587,891000,8.6,0,0.18,32600,0,1
25,655000,634,229000,0.0,2,0.42,51900,0,1
42,172000,602,377000,3.0,2,0.04,16800,0,0
24,518000,762,721000,7.5,1,0.59,65500,93000,0
52,502000,760,633000,1.0,2,0.28,57500,108000,1
21,395000,397,114000,5.3,2,0.49,19200,321000,0
21,384000,370,460000,0.0,4,0.67,63200,217000,0
22,345000,431,312000,0.0,2,0.36,44900,9000,0
47,860000,776,468000,0.9,2,0.31,59200,0,1
26,413000,598,312000,0.0,2,0.26,46500,0,0
25,247000,416,187000,0.0,1,0.44,34200,348000,0
21,283000,551,388000,1.1,1,0.45,45800,0,0
40,257000,648,181000,4.0,4,0.05,10800,0,0
35,569000,498,527000,0.0,0,0.39,54800,158000,1
32,525000,339,387000,0.0,1,0.23,47200,0,1
31,150000,712,703000,11.1,1,0.6,45900,558000,1
36,229000,851,423000,0.0,1,0.61,74100,441000,0
62,508000,486,863000,5.4,2,0.02,18500,0,1
32,441000,689,558000,0.8,1,0.65,72300,457000,0
39,618000,646,693000,5.2,2,0.18,40800,0,1
47,809000,654,656000,4.2,1,0.27,48800,0,1
59,511000,790,20000,7.4,0,0.02,5000,0,0
52,348000,506,817000,2.5,1,0.31,46400,419000,1
42,697000,711,228000,0.0,2,0.17,40500,0,0
31,491000,747,446000,2.9,1,0.65,66800,431000,0
28,535000,706,677000,4.4,1,0.63,70100,283000,0
36,150000,787,522000,0.0,3,0.63,76100,572000,0
21,150000,351,327000,4.8,0,0.58,27500,406000,0
47,712000,900,656000,0.0,0,0.15,87100,0,0
21,868000,839,203000,0.0,3,0.9,100200,343000,0
65,546000,644,20000,0.0,4,0.02,5300,0,0
42,150000,900,1251000,17.2,0,0.45,55300,216000,0
33,538000,588,20000,0.0,0,0.54,60700,463000,0
21,266000,810,636000,0.0,2,0.72,86900,276000,0
30,217000,782,585000,0.0,3,0.69,87200,464000,0
42,991000,768,449000,3.2,2,0.36,57400,0,1
29,454000,738,230000,0.0,1,0.64,66600,435000,0
24,584000,776,470000,5.1,3,0.46,56100,0,0
48,554000,559,20000,1.0,1,0.02,5000,0,0
36,237000,765,898000,5.4,0,0.64,75300,499000,0
55,969000,563,609000,0.0,2,0.08,49300,0,1
48,558000,503,20000,0.0,1,0.11,30300,32000,0
46,718000,759,197000,1.2,2,0.19,38200,0,0
49,150000,812,770000,9.8,1,0.31,41700,246000,0
27,247000,500,35000,10.3,4,0.34,5000,282000,0
62,661000,300,1212000,2.0,1,0.08,40600,138000,1
46,300000,556,412000,0.0,1,0.28,41500,280000,1
40,150000,613,682000,8.2,0,0.43,36900,475000,1
38,324000,583,288000,0.0,1,0.39,58300,277000,0
37,187000,830,673000,3.9,3,0.58,69500,408000,0
46,668000,638,708000,2.2,0,0.23,51100,0,1
42,448000,546,337000,0.0,2,0.26,47200,86000,0
21,555000,865,371000,0.0,3,0.9,106900,293000,0
32,315000,477,324000,0.0,2,0.3,43600,63000,0
45,499000,609,315000,0.0,2,0.35,52900,279000,1
45,150000,669,821000,3.0,3,0.37,54900,339000,0
30,354000,575,201000,0.0,1,0.37,43500,126000,0
21,628000,865,555000,0.6,3,0.9,102600,103000,0
57,238000,663,801000,1.2,1,0.25,52500,299000,1
21,298000,300,20000,4.0,0,0.39,5000,226000,0
21,356000,801,854000,1.6,2,0.88,101200,497000,0
34,646000,900,445000,0.0,4,0.56,82600,75000,1
55,799000,542,634000,0.0,2,0.25,50900,181000,1
21,163000,469,350000,4.2,2,0.46,30500,163000,0
47,394000,651,750000,5.6,2,0.12,35200,0,1
21,532000,748,1098000,3.5,3,0.83,103400,261000,0
33,402000,637,20000,12.0,3,0.17,5000,0,0
21,517000,559,395000,0.0,2,0.37,60400,0,0
40,150000,758,853000,4.0,0,0.47,65400,319000,0
51,189000,482,252000,0.0,2,0.19,24900,408000,0
32,330000,751,413000,0.0,0,0.65,76900,478000,0
52,496000,512,724000,2.7,1,0.24,40800,246000,1
34,373000,485,20000,0.8,4,0.21,13200,73000,0
27,321000,459,198000,0.0,3,0.31,31900,66000,0
45,150000,837,649000,3.7,0,0.33,54000,152000,1
41,150000,711,1446000,11.2,3,0.25,52100,0,0
28,150000,468,20000,16.7,2,0.23,5000,339000,0
31,237000,533,211000,4.3,2,0.12,9400,0,0
44,1104000,669,493000,0.2,1,0.24,55900,0,1
21,347000,381,20000,9.3,0,0.45,5000,334000,0
44,539000,639,124000,0.0,3,0.02,29200,0,0
36,600000,686,531000,2.4,0,0.54,62900,312000,1
21,498000,639,217000,4.5,0,0.41,36100,0,0
21,150000,326,106000,8.4,1,0.62,11300,544000,0
54,401000,632,792000,2.7,1,0.13,43200,0,1
65,150000,791,669000,8.7,0,0.02,12700,315000,0
39,559000,789,361000,0.0,3,0.32,59800,0,0
37,354000,900,552000,3.6,3,0.58,72500,308000,1
32,511000,664,20000,0.0,2,0.65,74400,559000,0
50,223000,665,369000,2.1,1,0.34,38500,487000,1
52,230000,692,653000,5.5,0,0.47,50300,672000,0
49,197000,679,909000,6.6,1,0.54,60900,703000,0
21,525000,455,76000,0.8,3,0.49,33600,232000,0
37,602000,337,129000,0.0,2,0.36,54900,303000,0
60,520000,728,582000,0.0,1,0.25,58000,234000,1
29,157000,900,918000,20.6,2,0.39,33200,0,0
45,459000,686,20000,7.8,2,0.02,5000,0,0
37,150000,746,1387000,6.8,4,0.57,82700,364000,0
32,150000,703,939000,0.0,0,0.64,92000,457000,0
51,217000,582,563000,2.5,2,0.3,38200,443000,1
32,455000,716,638000,0.0,3,0.79,94700,657000,0
31,241000,796,723000,4.0,0,0.65,74600,408000,0
46,451000,590,124000,1.9,1,0.02,8200,0,0
35,250000,650,20000,10.3,1,0.12,5000,0,0
21,841000,712,151000,0.0,2,0.9,124000,600000,0
55,496000,532,900000,7.2,0,0.07,28600,0,1
45,377000,702,719000,3.7,1,0.04,37100,0,1
22,432000,715,193000,0.0,1,0.6,65500,216000,0
28,446000,560,623000,5.6,1,0.45,45500,148000,1
61,336000,523,895000,9.1,1,0.02,16200,42000,1
43,978000,713,543000,4.4,2,0.35,54600,0,1
38,150000,755,823000,4.7,1,0.47,61200,339000,0
21,1064000,850,581000,1.4,0,0.9,121700,460000,0
21,347000,483,224000,5.7,0,0.5,28500,68000,0
63,690000,627,495000,0.6,2,0.16,40100,196000,1
21,484000,567,382000,0.0,2,0.51,58100,67000,0
44,175000,812,873000,14.0,2,0.42,42300,327000,0
21,586000,779,732000,0.0,1,0.9,133900,796000,0
21,410000,544,609000,0.0,1,0.53,63400,0,0
48,439000,900,402000,11.3,3,0.73,64000,817000,1
40,604000,552,157000,0.0,1,0.21,34000,0,0
24,318000,587,308000,2.1,0,0.26,31500,0,0
47,150000,643,1554000,11.1,2,0.48,69900,420000,0
34,466000,642,465000,0.0,1,0.61,75600,477000,0
36,595000,846,274000,4.6,3,0.17,36200,0,0
30,402000,422,103000,0.0,3,0.46,50800,392000,0
52,150000,784,1034000,3.6,2,0.59,78800,784000,0
33,410000,789,498000,11.9,1,0.44,36800,162000,0
48,309000,839,590000,0.0,1,0.34,68500,105000,1
28,217000,417,20000,2.0,2,0.3,8500,275000,0
42,290000,600,484000,8.9,1,0.16,14500,16000,0
21,312000,423,353000,3.4,4,0.59,40700,174000,0
21,350000,787,727000,0.8,2,0.73,89800,128000,0
45,551000,735,195000,0.0,2,0.06,38000,0,1
25,489000,603,218000,0.0,2,0.24,38000,0,0
37,299000,646,923000,0.0,3,0.63,84700,525000,0
50,845000,528,770000,8.1,2,0.09,26900,0,1
35,150000,631,1129000,17.6,2,0.58,40600,601000,1
36,366000,648,115000,6.6,2,0.16,9900,0,0
26,375000,724,502000,6.4,2,0.4,44600,0,0
53,241000,397,729000,0.0,0,0.2,35800,361000,1
43,594000,499,249000,0.0,2,0.1,42300,0,0
25,594000,618,286000,2.9,0,0.16,28500,0,0
39,363000,617,213000,0.0,1,0.35,42100,242000,1
23,557000,900,867000,0.0,2,0.37,94400,0,0
55,423000,717,717000,5.3,4,0.23,43700,169000,1
56,582000,427,954000,8.3,1,0.03,21000,0,1
24,1017000,732,164000,0.1,0,0.52,62600,0,1
44,322000,882,525000,2.1,1,0.42,63700,208000,1
42,277000,725,660000,9.5,0,0.41,40500,327000,0
21,150000,395,986000,6.2,1,0.55,49700,336000,1
60,605000,784,278000,0.0,1,0.02,54800,0,0
21,213000,497,183000,1.1,2,0.36,27700,64000,0
33,153000,819,580000,0.0,2,0.66,88500,462000,0
47,150000,362,520000,0.0,2,0.13,29200,219000,1
31,375000,887,650000,4.6,2,0.73,81500,462000,0
23,323000,325,587000,0.0,3,0.45,72900,123000,0
21,306000,435,645000,0.0,0,0.73,82900,116000,0
38,150000,703,621000,2.3,3,0.43,54300,323000,0
21,296000,555,633000,1.3,2,0.55,61800,0,0
38,811000,822,511000,2.1,1,0.42,66800,0,1
46,311000,495,20000,7.6,2,0.04,5000,201000,0
58,205000,536,497000,0.6,1,0.12,26800,312000,1
29,240000,776,664000,0.0,2,0.78,93300,600000,0
52,150000,358,702000,0.4,2,0.06,18900,283000,1
34,241000,534,628000,0.0,1,0.43,60700,262000,0
58,733000,868,20000,1.7,1,0.02,13200,0,0
41,483000,510,20000,0.0,5,0.12,12100,0,1
21,527000,831,456000,0.0,2,0.84,94200,261000,0
21,503000,798,385000,0.0,2,0.74,87500,208000,0
56,327000,855,221000,7.6,0,0.02,5000,0,0
27,1079000,900,101000,0.0,0,0.72,103300,0,1
25,253000,561,299000,0.0,4,0.25,37000,0,0
21,261000,493,119000,9.3,2,0.46,10900,333000,0
25,169000,793,997000,2.5,2,0.61,86700,138000,0
28,515000,661,394000,0.0,1,0.55,63100,218000,0
56,570000,696,550000,0.0,2,0.09,55300,0,1
30,150000,567,552000,4.2,3,0.48,37900,567000,1
21,458000,778,418000,0.0,0,0.76,90800,286000,0
37,244000,604,20000,7.2,0,0.02,5000,0,0
23,150000,596,147000,9.1,3,0.25,5000,0,0
21,150000,574,721000,3.5,2,0.35,46900,0,0
24,554000,808,806000,1.6,3,0.9,109500,732000,0
37,271000,500,551000,0.0,3,0.38,48400,305000,1
50,411000,418,869000,4.4,1,0.15,31200,112000,1
40,580000,524,20000,0.8,1,0.29,20200,263000,0
46,660000,701,261000,0.0,1,0.19,59000,0,0
37,894000,755,583000,8.1,5,0.48,55900,85000,1
36,594000,481,809000,1.8,3,0.42,57500,166000,1
21,560000,659,516000,0.0,2,0.79,95700,271000,0
39,299000,625,117000,6.6,0,0.07,5000,0,0
31,292000,689,389000,3.8,3,0.5,48200,318000,1
53,944000,586,644000,1.3,3,0.04,40500,0,1
26,394000,900,729000,2.1,2,0.89,101400,577000,0
52,386000,591,372000,0.0,2,0.23,39900,290000,1
26,506000,802,595000,0.0,0,0.87,101300,582000,0
54,1283000,656,435000,0.0,2,0.37,62700,128000,1
21,533000,786,658000,0.0,2,0.8,97000,261000,0
38,454000,793,507000,0.6,1,0.25,54800,0,0
32,510000,703,951000,6.1,1,0.66,77500,372000,0
21,356000,783,514000,0.0,1,0.86,104600,434000,0
24,273000,759,598000,0.0,2,0.67,82400,318000,0
22,547000,790,307000,1.6,2,0.61,66500,126000,0
43,284000,598,744000,10.0,5,0.31,30500,243000,1
21,289000,737,639000,3.0,2,0.38,58500,0,0
28,295000,689,650000,8.5,0,0.56,51000,313000,1
33,242000,841,701000,5.9,1,0.57,67300,296000,0
21,374000,472,263000,0.0,1,0.5,43100,217000,0
33,442000,686,159000,0.0,0,0.73,83600,682000,0
49,406000,689,389000,0.0,2,0.03,47300,0,0
21,564000,826,587000,0.0,2,0.9,135100,501000,0
21,150000,500,71000,16.0,1,0.38,5000,243000,0
38,282000,684,647000,7.3,3,0.47,47000,361000,0
42,701000,397,20000,0.0,2,0.16,5000,174000,0
52,314000,630,172000,0.0,3,0.02,30200,0,0
42,446000,426,974000,2.4,3,0.34,52700,226000,0
47,458000,761,597000,3.3,2,0.18,45000,0,1
50,544000,667,813000,3.8,2,0.29,54000,107000,1
59,260000,451,956000,1.7,0,0.28,47700,540000,1
22,582000,790,307000,0.0,0,0.68,80600,205000,0
23,200000,740,323000,12.7,2,0.4,20600,36000,0
29,420000,668,545000,0.0,1,0.8,91000,685000,0
23,150000,458,20000,15.2,3,0.2,5000,165000,0
46,150000,580,875000,5.2,2,0.3,40600,374000,0
36,421000,577,126000,5.3,1,0.14,9200,0,0
27,150000,900,859000,13.0,2,0.42,49400,0,0
44,512000,738,204000,0.0,2,0.43,57000,329000,1
32,316000,443,653000,0.5,2,0.33,44000,99000,1
32,369000,472,77000,0.9,3,0.21,15500,22000,0
51,338000,461,879000,2.4,1,0.31,46700,421000,1
21,150000,330,239000,1.4,4,0.43,21000,351000,0
23,466000,364,20000,6.6,1,0.22,5000,27000,0
45,465000,433,520000,0.0,0,0.19,41200,75000,1
60,329000,757,291000,0.0,4,0.36,50900,606000,1
51,730000,597,733000,4.7,2,0.11,37500,0,1
52,681000,725,167000,0.0,1,0.27,42500,185000,1
41,726000,577,509000,3.5,2,0.3,41200,14000,1
32,215000,400,20000,8.3,2,0.3,5000,507000,0
21,496000,763,535000,4.6,1,0.53,62100,0,0
21,530000,829,816000,3.8,0,0.9,101300,423000,0
46,194000,725,707000,1.7,0,0.07,41900,0,1
49,317000,616,892000,10.0,2,0.28,35400,238000,0
58,344000,475,513000,0.0,1,0.17,42700,321000,1
21,489000,443,253000,0.0,2,0.41,50900,0,0
56,150000,824,712000,0.6,1,0.6,74200,949000,0
48,175000,525,371000,0.0,0,0.29,39100,440000,0
48,287000,658,1019000,7.6,0,0.47,58800,496000,0
26,150000,792,629000,4.8,1,0.45,55500,55000,0
21,199000,309,109000,2.0,3,0.34,10700,212000,0
60,391000,546,849000,3.0,1,0.08,36000,83000,1
21,556000,530,90000,6.1,0,0.35,18900,0,0
39,285000,900,750000,11.5,2,0.6,61300,438000,0
35,922000,705,593000,4.6,0,0.38,57400,0,1
21,237000,560,259000,7.4,2,0.4,22800,0,0
50,653000,700,613000,0.0,3,0.16,53200,0,1
48,622000,702,675000,6.3,2,0.17,38900,0,1
53,180000,643,716000,8.9,2,0.28,30400,420000,0
21,511000,780,627000,0.0,1,0.79,100900,238000,0
21,531000,339,153000,0.0,2,0.61,50500,413000,0
42,537000,774,665000,3.4,3,0.45,64700,196000,1
57,150000,726,1049000,8.0,1,0.31,47600,489000,0
31,476000,629,813000,0.0,1,0.85,103300,741000,0
36,379000,551,432000,0.9,3,0.33,40400,139000,1
53,150000,365,993000,2.0,3,0.24,38400,485000,1
38,150000,782,248000,0.0,4,0.44,67800,282000,0
40,185000,572,20000,11.5,1,0.02,5000,0,0
54,345000,390,1062000,7.0,1,0.02,19100,0,1
21,524000,882,447000,0.0,1,0.9,102700,311000,0
32,716000,679,628000,0.0,0,0.26,86800,0,0
26,290000,535,500000,0.4,0,0.27,40200,0,0
23,150000,412,20000,11.1,2,0.29,5000,389000,0
65,336000,475,928000,2.9,1,0.02,22100,0,1
39,600000,686,81000,0.0,4,0.34,45900,107000,0
27,150000,621,600000,4.5,1,0.65,51900,740000,1
21,804000,872,215000,0.0,2,0.9,142200,524000,0
33,407000,696,569000,6.3,2,0.51,52000,282000,0
37,940000,887,328000,0.0,2,0.43,80000,0,1
25,150000,597,331000,2.7,2,0.18,24400,0,0
21,460000,524,20000,13.7,0,0.39,5000,202000,0
21,468000,473,384000,0.0,0,0.44,52800,0,0
29,928000,900,242000,0.0,1,0.5,81600,0,1
51,806000,706,532000,2.3,4,0.18,46000,0,1
21,150000,516,182000,10.7,2,0.34,5000,148000,0
55,150000,591,517000,1.6,1,0.13,27300,276000,0
54,542000,900,274000,6.9,2,0.66,64300,781000,1
28,628000,764,587000,0.0,3,0.9,101600,658000,0
28,333000,585,555000,0.2,0,0.25,45100,0,0
36,175000,791,578000,5.0,1,0.4,51300,138000,0
50,156000,380,364000,0.0,2,0.03,21300,119000,1
38,150000,879,808000,1.1,4,0.63,84800,510000,0
46,217000,682,872000,17.0,2,0.24,18100,167000,0
30,267000,806,740000,4.0,1,0.7,79000,453000,1
60,668000,662,678000,3.1,2,0.21,46500,183000,0
56,470000,626,761000,3.4,0,0.26,47300,266000,1
38,339000,824,683000,2.4,2,0.42,66600,64000,1
21,330000,461,342000,8.1,2,0.43,21300,97000,0
31,384000,728,140000,3.6,2,0.13,21700,0,0
21,675000,675,393000,1.2,0,0.65,68600,177000,0
53,409000,546,934000,5.3,0,0.19,40900,128000,1
25,592000,462,155000,0.0,1,0.42,40600,131000,0
28,233000,771,571000,3.3,2,0.56,64000,241000,0
51,467000,532,822000,6.1,2,0.02,20200,0,1
21,542000,611,332000,0.0,3,0.5,64000,21000,0
23,276000,789,1106000,0.9,1,0.88,111600,516000,0
33,380000,583,158000,3.1,3,0.17,17800,0,0
27,418000,501,883000,6.2,0,0.52,54900,238000,1
31,356000,713,628000,0.0,2,0.27,70200,0,0
47,616000,768,98000,0.8,1,0.02,22800,0,0
37,628000,758,449000,0.0,3,0.28,61200,0,0
49,261000,485,873000,5.5,1,0.3,38400,390000,1
36,305000,662,728000,7.1,2,0.32,42100,14000,0
37,480000,829,572000,1.5,2,0.4,65400,0,1
52,710000,884,490000,0.0,4,0.02,69400,0,0
56,407000,453,1014000,5.5,1,0.24,41000,367000,1
21,214000,300,227000,5.3,3,0.59,21000,573000,0
38,150000,780,1243000,13.9,0,0.45,57500,179000,0
47,411000,545,47000,1.3,2,0.06,8400,0,0
52,550000,479,931000,8.2,1,0.02,22000,0,1
44,150000,719,769000,0.9,0,0.53,69300,557000,0
21,459000,498,337000,0.0,0,0.46,50500,95000,0
50,180000,666,89000,2.4,3,0.02,5000,0,0
39,210000,705,552000,0.3,1,0.56,65800,546000,0
46,592000,645,210000,0.0,2,0.11,35900,0,0
36,150000,642,958000,13.9,2,0.56,39900,695000,1
27,481000,522,20000,3.3,2,0.16,8900,0,0
21,521000,818,869000,0.3,1,0.87,107700,383000,0
23,150000,599,295000,10.6,0,0.13,5000,0,0
50,871000,575,730000,4.6,2,0.19,42300,0,1
22,522000,747,697000,0.0,3,0.85,101100,467000,0
30,311000,775,308000,0.0,1,0.8,87300,716000,0
52,158000,798,394000,0.0,1,0.02,28100,0,0
52,261000,761,681000,11.7,3,0.41,37200,536000,1
27,442000,541,246000,0.0,3,0.38,42700,70000,0
42,538000,683,309000,0.0,2,0.05,44400,0,0
26,470000,513,107000,0.0,2,0.3,32900,0,0
64,246000,657,751000,2.4,3,0.38,53600,723000,1
30,150000,574,665000,5.7,1,0.52,44400,507000,1
24,321000,815,869000,8.1,2,0.48,64100,0,0
62,193000,619,879000,3.9,1,0.25,45600,470000,1
45,701000,842,421000,0.0,0,0.02,49000,0,0
21,612000,641,471000,0.0,1,0.83,98600,444000,0
22,525000,412,308000,0.0,1,0.35,58100,0,0
21,150000,707,466000,8.1,2,0.26,27900,0,0
24,434000,621,436000,1.3,4,0.34,46100,0,0
51,600000,782,578000,0.0,2,0.26,69700,0,1
42,461000,669,822000,3.2,0,0.4,61800,162000,1
32,343000,685,220000,0.7,2,0.27,37000,0,0
43,1087000,783,429000,0.9,1,0.48,71100,70000,1
22,441000,824,801000,14.0,1,0.58,54800,41000,0
65,150000,315,1279000,10.2,3,0.02,5000,308000,1
40,1066000,678,604000,4.9,1,0.38,56900,0,1
39,274000,300,20000,6.4,1,0.17,5000,599000,0
50,1028000,786,400000,0.2,2,0.33,62200,0,1
21,150000,654,167000,12.8,1,0.25,5000,0,0
48,150000,840,350000,8.7,2,0.25,24600,236000,0
21,734000,873,379000,0.0,1,0.9,110100,245000,0
53,259000,427,20000,2.2,2,0.02,5000,138000,0
21,687000,828,422000,4.5,0,0.74,77700,0,0
59,755000,653,648000,2.6,0,0.4,57400,473000,1
43,822000,787,498000,1.6,2,0.39,63300,0,1
21,202000,595,556000,0.0,4,0.47,59800,0,0
26,413000,434,242000,0.0,1,0.3,45900,0,1
21,150000,494,43000,12.6,2,0.38,5000,138000,0
28,333000,607,149000,5.4,2,0.16,12300,0,0
38,299000,710,234000,3.3,0,0.13,23400,0,0
31,269000,710,459000,1.0,1,0.19,42100,0,0
42,150000,300,980000,2.5,2,0.18,30600,190000,1
21,150000,646,376000,14.8,1,0.3,5000,0,0
29,471000,425,305000,0.0,1,0.38,42000,178000,0
42,150000,739,799000,8.2,1,0.49,52700,479000,0
64,560000,632,481000,1.4,2,0.16,36000,272000,1
65,436000,720,694000,7.4,2,0.3,40800,540000,1
58,503000,694,20000,0.0,1,0.19,37200,312000,1
21,394000,744,713000,0.8,2,0.74,87500,295000,0
21,479000,683,432000,6.7,0,0.47,45800,0,0
21,494000,824,502000,0.0,0,0.85,94300,283000,0
48,268000,478,20000,0.1,0,0.02,5000,0,0
34,398000,679,510000,1.7,2,0.49,58500,280000,0
41,555000,810,535000,2.0,2,0.27,55200,0,1
34,227000,576,65000,11.5,0,0.23,5000,177000,0
48,150000,717,731000,4.5,0,0.23,39400,232000,0
29,150000,900,1162000,4.4,1,0.79,104000,431000,0
25,674000,785,508000,0.0,0,0.9,101100,705000,0
29,535000,773,654000,8.5,1,0.56,58800,167000,0
50,680000,852,71000,4.0,0,0.02,16200,0,0
38,227000,778,1141000,13.9,0,0.52,58700,300000,0
25,150000,405,91000,4.4,1,0.26,5000,182000,0
35,330000,678,868000,6.7,1,0.23,45300,0,1
38,876000,675,577000,6.2,2,0.19,39700,0,1
43,1191000,725,429000,0.0,1,0.29,61000,0,1
32,150000,884,1182000,20.4,1,0.34,37900,0,0
28,603000,718,441000,0.7,3,0.47,62500,0,0
48,1140000,765,472000,2.1,2,0.48,68800,177000,0
21,665000,539,45000,0.0,2,0.44,50800,0,0
22,295000,617,181000,0.0,2,0.45,58200,63000,0
65,506000,721,384000,1.4,1,0.13,34000,375000,1
30,563000,759,385000,7.6,3,0.51,46900,167000,0
34,355000,531,497000,0.0,0,0.19,51600,0,0
52,473000,401,1093000,4.8,2,0.26,44800,287000,1
49,448000,574,519000,2.5,0,0.23,35900,185000,1
38,273000,433,20000,3.6,3,0.21,5000,298000,0
44,150000,733,922000,0.0,0,0.5,74800,494000,0
42,150000,566,626000,0.1,0,0.26,41300,202000,0
36,150000,683,1106000,0.8,1,0.65,89600,514000,0
28,479000,541,245000,0.0,1,0.4,45000,123000,0
55,696000,588,737000,4.9,1,0.02,30200,0,0
21,706000,603,654000,0.0,3,0.65,80700,106000,0
41,252000,712,856000,7.8,3,0.49,56500,413000,0
55,375000,515,911000,7.4,2,0.02,21100,0,1
22,150000,523,749000,4.7,0,0.61,52400,522000,1
36,475000,628,132000,0.0,2,0.38,47000,188000,1
45,697000,721,656000,3.4,1,0.38,59400,91000,1
22,361000,579,310000,1.9,1,0.24,31400,0,0
28,843000,654,21000,2.1,2,0.36,36200,0,0
32,450000,859,383000,5.8,0,0.66,63400,435000,1
40,150000,837,1128000,14.4,2,0.32,43600,92000,0
21,429000,428,175000,3.2,3,0.58,33800,443000,0
27,406000,437,20000,7.6,2,0.17,5000,7000,0
30,150000,582,181000,5.0,1,0.21,12300,0,0
38,150000,484,944000,9.6,0,0.34,32300,329000,1
25,489000,734,589000,2.7,2,0.77,79800,500000,0
34,496000,712,20000,12.7,1,0.22,5000,8000,0
45,389000,520,20000,4.7,1,0.05,5000,29000,0
40,150000,623,468000,4.9,2,0.19,23200,71000,0
40,264000,453,652000,0.0,1,0.3,44100,219000,1
29,320000,799,632000,1.8,1,0.57,73600,178000,0
21,249000,337,408000,0.0,1,0.47,42200,0,0
65,150000,486,947000,9.1,2,0.06,12300,604000,1
55,150000,547,446000,9.1,1,0.02,5000,0,0
34,569000,744,20000,10.6,2,0.1,5000,0,0
36,483000,643,312000,0.0,0,0.29,50100,0,0
21,896000,713,284000,0.0,0,0.9,150000,406000,0
42,975000,700,481000,0.0,1,0.19,58300,0,1
21,529000,663,214000,0.0,1,0.59,68600,56000,0
42,288000,900,438000,0.0,1,0.47,81500,140000,1
21,535000,468,288000,0.0,2,0.37,45900,0,1
22,662000,681,403000,2.6,1,0.67,66600,279000,0
53,150000,781,605000,12.8,3,0.38,27100,617000,1
21,150000,426,537000,5.2,2,0.53,35400,255000,0
28,242000,749,602000,1.9,1,0.46,62600,54000,0
27,184000,730,517000,0.0,1,0.65,83900,406000,0
21,150000,489,305000,8.4,0,0.47,18900,287000,0
37,444000,596,245000,0.0,4,0.15,30900,0,0
30,649000,498,20000,0.6,1,0.22,18500,0,0
31,600000,703,594000,0.0,0,0.31,77400,0,0
30,303000,817,575000,3.9,1,0.67,72600,435000,0
24,668000,715,666000,7.6,2,0.7,68700,309000,0
48,794000,646,329000,0.0,1,0.4,63200,251000,1
64,150000,619,1028000,21.2,2,0.02,5000,97000,0
40,286000,763,492000,5.9,0,0.48,49300,400000,0
58,150000,626,697000,7.0,1,0.18,24900,421000,0
45,150000,796,656000,5.3,0,0.43,52400,421000,0
34,150000,623,88000,11.9,2,0.19,5000,96000,0
21,635000,788,352000,0.0,0,0.9,116700,612000,0
29,922000,844,434000,4.2,2,0.44,63900,0,1
32,150000,419,449000,0.0,2,0.31,38500,225000,1
31,591000,615,411000,0.0,0,0.22,51900,0,0
38,799000,900,272000,0.0,2,0.51,83100,3000,1
49,395000,523,703000,2.0,3,0.31,45200,351000,1
32,168000,497,37000,4.3,2,0.1,5000,0,0
45,392000,704,818000,12.5,4,0.45,42300,411000,0
21,232000,638,498000,2.4,2,0.58,58500,104000,0
21,571000,900,827000,7.5,2,0.83,95100,0,0
41,150000,538,20000,16.0,1,0.04,5000,219000,0
21,150000,402,20000,10.2,1,0.29,5000,152000,0
41,265000,661,385000,0.0,0,0.02,39600,0,0
38,320000,562,365000,0.0,1,0.1,40200,0,0
33,342000,900,460000,0.4,1,0.6,82400,194000,1
31,391000,547,131000,5.1,0,0.28,16100,77000,0
36,150000,417,624000,0.0,0,0.33,38700,329000,1
27,444000,884,538000,2.0,4,0.74,85200,372000,0
48,150000,695,717000,11.3,2,0.24,24500,265000,0
35,429000,748,624000,3.7,2,0.64,70300,461000,0
22,215000,637,392000,1.3,4,0.2,35100,0,0
21,439000,737,510000,2.9,2,0.49,61400,0,0
48,150000,748,396000,0.0,0,0.35,50400,488000,0
36,151000,587,567000,0.0,0,0.45,55900,368000,0
21,1049000,865,477000,3.3,4,0.64,82500,0,1
57,619000,610,710000,2.7,3,0.14,41400,24000,1
21,937000,703,649000,0.0,1,0.9,111000,331000,0
32,277000,760,640000,0.0,3,0.72,89000,551000,0
51,175000,633,896000,3.6,0,0.26,49200,243000,1
52,550000,510,20000,6.6,1,0.03,5000,181000,1
25,615000,546,421000,1.0,2,0.4,47700,0,1
21,150000,427,63000,11.4,1,0.34,5000,120000,0
63,481000,657,698000,1.5,0,0.26,50400,397000,1
23,624000,795,107000,3.8,2,0.67,57700,319000,0
55,150000,750,918000,9.8,1,0.16,30200,228000,0
21,150000,900,1048000,14.3,1,0.39,52900,0,0
22,416000,684,69000,9.2,2,0.31,14200,0,0
33,150000,787,701000,7.4,3,0.34,45400,2000,0
49,406000,586,20000,5.2,0,0.02,5000,0,0
21,273000,659,911000,1.3,1,0.65,84500,0,0
51,637000,811,458000,0.0,2,0.32,63100,89000,1
42,722000,634,107000,0.0,0,0.19,46600,0,0
21,150000,622,552000,4.7,0,0.47,47100,0,0
65,629000,573,795000,0.1,1,0.18,50200,404000,1
47,1192000,769,325000,0.0,2,0.16,63500,0,1
60,392000,697,605000,4.1,2,0.37,48100,589000,1
40,592000,552,608000,2.3,3,0.38,49500,187000,0
55,171000,659,670000,6.1,0,0.35,39800,562000,1
65,671000,459,1066000,2.7,2,0.1,43800,333000,1
21,422000,646,556000,1.3,3,0.55,64200,83000,0
40,448000,900,560000,7.1,2,0.59,65300,397000,1
32,671000,713,130000,0.0,0,0.44,54600,73000,1
41,150000,680,658000,9.4,3,0.47,36700,615000,1
42,328000,607,189000,0.2,2,0.02,17500,0,0
21,150000,550,503000,6.7,1,0.48,35800,82000,0
57,444000,707,20000,9.2,5,0.02,5000,0,0
37,664000,878,488000,1.2,1,0.48,72700,12000,1
58,783000,551,518000,0.0,1,0.21,57100,162000,1
28,522000,690,187000,0.0,0,0.74,82600,565000,0
21,204000,300,20000,11.2,0,0.55,5000,449000,0
35,202000,415,35000,0.0,2,0.03,9500,0,0
43,150000,638,931000,12.4,1,0.49,39100,676000,1
41,150000,532,20000,5.4,2,0.05,5000,65000,1
41,299000,759,650000,0.0,2,0.74,94800,769000,0
52,565000,423,592000,0.0,1,0.12,33900,82000,1
25,330000,451,445000,0.0,2,0.41,54800,99000,0
22,281000,637,441000,3.5,2,0.39,42800,0,0
49,298000,897,593000,0.0,0,0.59,82100,590000,1
31,371000,598,47000,0.0,1,0.4,50100,188000,1
55,550000,782,599000,0.0,2,0.34,68100,241000,1
24,208000,515,233000,1.3,1,0.28,25700,0,0
28,287000,683,395000,0.0,0,0.53,59000,269000,0
40,220000,787,652000,7.8,1,0.39,46500,187000,0
39,842000,900,149000,0.0,2,0.33,79300,0,1
56,513000,824,494000,0.0,2,0.14,63600,0,1
27,150000,432,505000,0.0,3,0.41,43600,297000,0
42,272000,413,667000,0.0,0,0.22,38100,150000,1
21,640000,730,287000,0.0,0,0.81,94000,398000,0
25,674000,550,257000,0.0,0,0.34,53700,0,0
34,603000,619,20000,9.2,2,0.12,5000,0,0
33,208000,830,799000,4.5,2,0.6,75100,336000,0
25,377000,622,415000,2.0,3,0.47,49900,119000,0
41,423000,384,464000,0.0,1,0.21,42600,77000,1
31,280000,824,833000,8.3,3,0.53,64200,142000,0
62,228000,542,1051000,8.0,3,0.31,41500,610000,1
41,150000,799,540000,0.0,0,0.55,73100,562000,1
63,412000,818,271000,1.0,2,0.37,48700,636000,1
35,247000,791,440000,2.3,1,0.1,36800,0,0
37,150000,763,1241000,10.2,2,0.54,70100,317000,0
