student_id,cgpa,tenth_percentage,twelfth_percentage,backlogs,projects_count,internships_count,certifications_count,coding_skill_1_10,communication_skill_1_10,aptitude_score,dsa_problems_solved,placed
S0001,7.5,74.4,67.5,3,3,0,0,4,5,79,256,0
S0002,6.16,67.7,65.3,1,2,1,0,6,4,73,73,1
S0003,7.95,70.9,76.3,1,1,1,0,3,7,79,47,1
S0004,8.14,81.3,74.5,2,0,3,3,3,6,58,90,1
S0005,5.25,75.0,58.0,2,2,0,1,3,10,47,98,0
S0006,5.9,78.4,83.2,0,3,1,2,3,5,92,378,0
S0007,7.33,81.7,71.1,0,2,0,1,8,8,37,72,1
S0008,6.88,71.3,60.9,0,1,0,0,4,8,39,24,0
S0009,7.18,82.6,83.9,0,2,1,3,6,5,68,55,1
S0010,6.35,78.8,78.3,0,2,0,0,4,5,84,90,1
S0011,8.08,62.7,59.4,0,1,1,0,7,7,63,103,1
S0012,7.98,89.4,89.8,0,3,0,2,3,7,75,14,1
S0013,7.27,70.0,78.6,1,1,0,0,6,3,30,49,0
S0014,8.33,58.4,71.9,1,2,2,0,6,4,53,246,1
S0015,7.67,64.5,87.9,0,4,0,3,10,1,32,33,0
S0016,6.34,64.8,73.6,0,2,1,1,7,7,72,138,1
S0017,7.57,75.5,71.7,0,3,0,0,4,6,37,56,0
S0018,6.24,72.3,65.4,0,0,2,1,7,6,41,75,1
S0019,8.08,71.6,77.8,2,1,0,2,10,3,68,16,0
S0020,7.15,81.2,76.8,2,1,0,0,2,4,76,61,0
S0021,7.02,78.4,72.1,2,3,1,0,4,5,58,90,0
S0022,6.52,78.2,64.1,2,4,0,2,5,5,69,72,1
S0023,8.42,79.1,73.3,3,1,0,2,5,6,68,64,0
S0024,7.05,81.2,71.3,0,1,3,4,5,7,57,113,1
S0025,6.77,53.9,58.7,0,2,1,1,3,10,44,21,0
S0026,6.85,71.4,57.3,0,2,1,0,8,6,68,93,1
S0027,7.73,53.2,77.7,0,3,1,1,3,8,69,7,1
S0028,7.57,75.4,46.0,0,3,2,2,5,5,73,165,1
S0029,7.61,75.0,74.1,0,4,2,0,8,3,65,66,1
S0030,7.63,85.5,67.2,3,1,1,2,5,5,42,131,0
S0031,9.34,86.9,85.1,0,3,0,0,4,3,70,2,1
S0032,6.79,77.0,67.1,3,2,0,3,3,6,60,118,0
S0033,6.69,70.0,78.6,1,1,1,3,5,5,53,38,0
S0034,6.39,79.9,68.0,0,4,2,1,4,2,56,75,1
S0035,7.82,69.7,73.1,0,0,1,4,6,9,50,120,1
S0036,8.33,75.0,79.4,0,3,0,4,3,5,73,70,1
S0037,7.09,84.9,67.4,0,3,0,0,7,3,39,110,1
S0038,6.36,69.4,82.0,0,4,1,1,6,8,45,57,1
S0039,6.38,83.1,62.1,3,2,2,2,6,5,55,175,1
S0040,7.85,81.8,74.9,0,2,0,0,8,8,84,66,1
S0041,7.94,65.5,81.2,0,4,1,1,5,5,76,67,0
S0042,7.74,84.7,78.6,1,3,1,1,4,5,35,68,1
S0043,6.53,82.0,91.2,0,2,2,4,4,7,80,74,1
S0044,7.43,76.0,64.4,0,3,0,1,5,7,80,22,0
S0045,7.32,67.4,58.2,0,1,2,2,5,7,42,32,0
S0046,7.42,66.4,62.1,0,2,1,1,4,6,22,145,1
S0047,8.07,69.6,78.6,0,4,1,0,1,7,59,131,1
S0048,7.42,80.4,77.0,0,1,0,3,4,7,77,125,1
S0049,7.88,65.4,73.0,0,2,1,0,6,6,84,103,1
S0050,7.27,79.4,60.8,0,5,1,0,6,6,47,48,1
S0051,7.49,62.6,79.7,0,3,0,1,8,3,86,44,1
S0052,7.83,73.0,59.8,0,4,0,2,9,7,27,71,1
S0053,5.74,76.1,83.6,0,2,1,1,7,6,54,161,1
S0054,6.88,99.0,99.0,0,5,1,0,8,5,54,86,1
S0055,6.73,61.2,75.7,0,1,0,1,7,8,77,30,1
S0056,6.56,89.7,77.8,0,2,0,0,9,3,79,18,1
S0057,6.92,76.5,67.1,0,2,0,0,9,9,74,134,1
S0058,8.69,79.1,53.9,1,3,2,1,7,6,40,197,1
S0059,6.33,76.2,66.0,3,4,3,0,7,7,73,13,1
S0060,8.17,79.4,61.1,0,3,0,1,5,5,68,137,1
S0061,5.52,73.5,57.5,2,3,0,2,5,3,35,101,0
S0062,6.87,89.5,89.2,0,2,0,2,5,6,29,37,0
S0063,7.36,70.4,74.7,0,2,1,1,7,7,76,87,1
S0064,7.79,86.3,75.8,1,2,2,1,4,7,57,26,1
S0065,7.91,68.6,68.9,1,0,1,0,5,6,41,62,1
S0066,7.99,74.4,70.3,2,2,0,4,1,2,57,74,0
S0067,6.85,64.3,81.6,0,4,0,0,9,3,65,173,1
S0068,6.74,79.6,71.7,1,3,0,0,5,10,59,59,0
S0069,8.06,89.5,77.3,0,3,2,1,6,4,37,41,1
S0070,7.01,74.2,70.0,0,2,1,0,8,9,88,95,1
S0071,5.92,73.0,68.6,0,2,1,0,6,4,75,112,0
S0072,6.07,63.9,57.9,4,0,0,0,8,6,55,39,0
S0073,6.28,72.7,52.2,0,2,2,2,3,7,56,29,1
S0074,7.7,59.1,69.4,1,2,0,2,10,5,65,31,0
S0075,7.34,65.9,72.6,0,1,2,2,8,9,43,174,1
S0076,7.89,77.3,59.1,1,0,2,2,6,6,65,108,0
S0077,6.77,88.2,71.7,1,3,1,1,8,7,40,56,1
S0078,7.36,99.0,72.5,2,2,2,3,3,6,59,154,1
S0079,7.83,69.1,50.4,0,2,0,2,5,7,42,39,1
S0080,6.89,89.4,62.8,0,1,1,3,8,9,43,69,1
S0081,7.66,77.4,76.1,0,2,0,2,2,6,85,25,0
S0082,6.54,73.5,75.9,0,2,1,1,7,9,61,150,1
S0083,6.84,79.3,60.5,0,2,0,1,7,5,63,36,0
S0084,6.82,75.6,73.6,0,2,0,1,9,7,30,37,1
S0085,6.0,76.1,82.2,0,0,0,0,2,7,51,97,0
S0086,7.69,70.9,79.8,0,4,0,1,9,4,67,6,0
S0087,6.73,61.0,71.0,0,0,1,0,4,6,63,20,1
S0088,7.21,59.6,67.3,2,2,1,0,5,6,28,123,0
S0089,7.68,81.5,65.7,0,1,0,4,3,4,63,31,0
S0090,7.65,72.2,76.7,4,2,3,2,3,7,65,312,0
S0091,7.87,69.0,74.0,3,1,2,2,6,6,79,83,0
S0092,7.1,75.1,78.3,0,4,0,1,3,6,50,12,1
S0093,6.78,82.9,73.3,1,2,0,2,7,6,26,203,1
S0094,7.12,76.8,80.2,0,3,1,3,4,6,45,83,1
S0095,5.51,68.4,72.9,1,1,1,2,3,5,44,63,0
S0096,5.75,87.3,79.8,0,0,0,2,4,6,71,83,1
S0097,5.88,90.8,80.7,0,2,1,1,6,5,19,12,0
S0098,6.2,79.9,64.0,0,2,0,1,5,10,53,71,0
S0099,7.6,84.7,53.9,0,2,0,2,6,3,81,33,1
S0100,6.29,87.4,87.4,4,5,1,4,7,5,60,68,0
S0101,6.82,86.3,74.6,0,3,1,1,8,5,73,49,0
S0102,8.5,81.1,54.9,1,5,2,1,5,10,35,80,1
S0103,6.84,81.0,64.9,4,1,0,1,3,4,36,56,0
S0104,7.94,80.2,79.7,0,3,0,1,6,7,82,47,1
S0105,6.27,64.0,69.2,0,2,0,4,6,6,62,30,0
S0106,6.99,82.0,66.9,2,3,0,2,3,7,62,13,0
S0107,6.25,61.4,86.0,0,5,0,1,4,8,43,10,1
S0108,6.86,67.1,61.5,0,3,1,1,4,8,62,21,1
S0109,8.04,88.0,64.0,0,4,1,1,5,5,43,116,1
S0110,5.47,83.4,74.1,3,3,1,0,4,6,78,28,0
S0111,7.63,89.9,75.9,0,1,0,1,7,3,100,40,1
S0112,7.44,72.3,77.0,0,3,0,3,2,6,67,41,0
S0113,6.61,63.5,81.1,0,2,1,2,2,5,50,50,1
S0114,5.75,72.6,74.0,0,4,0,0,5,6,22,102,1
S0115,7.27,76.0,76.9,0,4,2,2,5,3,35,56,1
S0116,6.67,75.8,69.4,1,1,0,2,3,7,83,132,1
S0117,7.43,86.3,72.6,2,1,1,1,4,3,45,21,0
S0118,7.22,71.4,73.1,0,0,2,2,5,6,54,122,1
S0119,8.8,78.5,74.2,0,2,1,2,5,4,70,187,1
S0120,6.96,65.1,79.7,0,0,1,3,6,4,82,70,1
S0121,6.18,79.5,77.6,0,3,1,0,4,8,57,26,0
S0122,7.38,75.0,72.4,0,2,0,0,8,7,54,103,0
S0123,7.42,67.5,63.9,1,4,1,1,6,8,61,71,1
S0124,8.56,72.6,72.7,0,1,2,0,4,9,51,90,1
S0125,8.04,73.2,71.7,0,2,3,1,6,5,51,134,1
S0126,7.56,72.3,73.9,0,1,0,2,6,9,66,52,1
S0127,8.66,92.7,94.1,0,4,0,0,8,3,63,45,1
S0128,6.01,74.0,66.8,0,1,1,1,4,7,92,353,1
S0129,6.56,72.6,76.2,3,1,1,4,7,5,67,104,1
S0130,6.27,54.0,82.7,1,1,0,1,6,4,77,151,1
S0131,6.81,66.1,73.0,3,4,0,1,8,7,44,129,0
S0132,5.82,72.4,95.4,2,1,0,2,8,8,68,153,1
S0133,7.84,68.1,68.2,0,3,1,0,6,8,49,93,1
S0134,6.98,88.8,75.2,3,3,0,0,5,6,66,140,1
S0135,5.73,73.4,64.0,0,3,0,2,7,6,70,41,1
S0136,6.18,87.9,68.5,0,1,0,1,5,7,61,13,0
S0137,7.51,75.6,74.5,0,0,2,1,9,7,96,32,1
S0138,8.04,75.4,80.5,0,2,0,0,6,7,81,63,1
S0139,9.2,74.1,75.2,0,1,0,3,5,6,78,57,1
S0140,9.9,75.0,84.6,0,3,1,0,5,8,71,72,1
S0141,7.61,92.2,71.1,1,2,0,2,3,3,86,38,1
S0142,6.21,51.8,68.7,1,2,3,1,7,6,38,7,1
S0143,5.07,55.0,99.0,0,1,2,2,4,4,81,51,1
S0144,7.47,69.6,75.9,0,2,0,0,8,6,45,18,0
S0145,6.39,75.1,64.8,1,1,0,0,3,9,52,69,0
S0146,6.78,81.9,65.1,0,3,0,1,6,5,68,96,0
S0147,6.59,79.7,62.6,0,0,0,2,8,6,78,50,0
S0148,7.06,71.2,81.4,0,5,0,0,1,7,43,25,0
S0149,8.27,85.2,68.4,0,3,0,1,10,2,52,74,1
S0150,7.36,85.3,73.3,0,1,0,1,5,5,61,366,0
S0151,7.04,76.8,71.4,1,0,1,0,6,7,57,104,0
S0152,6.16,84.6,79.3,1,2,0,2,7,1,73,110,0
S0153,5.53,77.7,63.5,1,1,0,0,7,4,100,46,0
S0154,6.71,69.4,61.2,0,1,1,1,6,8,66,34,1
S0155,7.15,82.0,74.2,1,4,0,0,7,8,49,153,1
S0156,8.97,76.1,78.0,0,3,0,1,7,7,41,4,1
S0157,7.33,75.0,75.3,0,1,0,1,9,8,55,37,1
S0158,8.18,89.7,63.9,0,2,0,1,7,6,46,216,1
S0159,6.7,50.5,78.8,0,1,0,1,9,7,67,66,1
S0160,6.02,60.8,64.6,0,5,2,3,7,5,67,14,1
S0161,6.23,63.1,66.8,0,0,2,1,2,6,53,98,0
S0162,6.47,71.4,62.6,0,3,0,3,10,5,90,50,0
S0163,9.33,72.5,85.0,0,3,0,0,4,8,49,11,1
S0164,6.38,59.9,78.3,0,0,1,1,8,9,58,85,1
S0165,8.04,65.1,78.0,0,1,1,0,6,8,70,75,1
S0166,6.3,66.4,84.5,3,2,0,1,8,5,73,72,0
S0167,8.13,99.0,99.0,0,4,0,2,4,4,79,103,1
S0168,7.58,93.0,54.9,0,2,0,3,7,8,66,23,0
S0169,7.04,70.9,64.6,0,3,1,2,5,7,76,91,1
S0170,7.16,71.4,65.8,2,3,0,2,9,7,50,80,0
S0171,6.55,63.5,63.5,0,4,0,0,6,5,74,151,1
S0172,7.65,55.9,61.2,2,2,0,0,7,7,74,37,0
S0173,6.75,73.8,69.0,0,2,0,2,1,4,83,169,0
S0174,5.97,65.0,59.8,0,3,1,0,5,7,35,127,0
S0175,5.92,74.2,75.4,0,1,1,0,6,8,46,64,1
S0176,7.37,59.0,72.5,0,4,1,4,6,9,72,72,1
S0177,8.78,67.4,76.8,1,0,0,4,7,7,20,5,0
S0178,7.36,76.5,77.1,2,1,0,2,5,4,67,70,0
S0179,7.08,78.7,78.0,0,4,2,1,6,6,76,121,1
S0180,7.49,79.2,68.3,4,2,1,3,8,10,51,56,0
S0181,8.51,61.8,93.2,0,1,0,0,1,4,54,150,1
S0182,7.42,83.5,74.3,0,1,0,1,7,6,44,99,1
S0183,6.79,67.0,53.4,0,2,2,1,5,9,52,261,1
S0184,8.31,81.3,62.0,0,4,1,3,4,7,53,39,1
S0185,7.63,74.9,54.6,1,0,2,3,6,10,50,113,1
S0186,8.74,61.2,72.2,0,0,1,2,8,5,49,19,1
S0187,7.38,71.8,70.8,0,2,0,0,8,4,56,60,1
S0188,5.98,78.7,67.3,0,5,0,1,5,8,56,104,0
S0189,5.83,81.1,92.1,0,1,0,0,7,4,88,118,0
S0190,8.85,73.6,77.5,0,5,1,3,7,6,54,53,1
S0191,8.92,90.3,79.3,1,4,1,0,5,6,65,162,1
S0192,7.02,85.1,62.7,0,1,0,0,4,8,51,186,1
S0193,6.82,72.4,62.0,0,4,2,2,4,7,51,40,1
S0194,8.66,82.5,72.4,0,3,0,1,7,7,34,62,0
S0195,6.09,94.3,73.7,0,2,0,3,5,5,36,57,1
S0196,6.31,94.6,53.4,0,2,0,0,3,8,42,46,0
S0197,7.84,62.7,70.2,1,4,2,3,2,10,63,178,1
S0198,6.81,65.7,72.1,3,3,2,0,7,7,76,177,1
S0199,7.19,89.8,69.8,0,3,1,0,4,6,33,58,1
S0200,7.04,64.4,63.9,3,5,3,1,6,4,52,113,0
S0201,7.54,61.8,66.6,0,2,2,0,8,5,39,149,1
S0202,8.61,70.1,70.2,0,4,2,2,3,6,56,86,1
S0203,7.29,79.2,72.9,1,4,2,0,5,5,76,55,1
S0204,7.84,74.0,78.0,1,1,0,0,5,6,53,37,0
S0205,5.15,68.5,82.8,1,0,1,2,6,9,59,120,1
S0206,7.15,68.3,69.1,0,2,1,0,8,8,82,21,1
S0207,6.36,67.9,67.4,0,4,1,2,3,6,67,56,1
S0208,5.98,66.2,76.4,0,1,0,2,7,4,49,48,1
S0209,6.32,97.8,78.1,0,3,1,0,8,8,62,19,0
S0210,6.87,78.0,67.7,0,0,3,2,5,6,48,66,1
S0211,8.12,83.9,79.9,0,2,0,1,5,3,66,61,0
S0212,5.87,70.1,81.8,0,3,3,1,6,7,68,30,1
S0213,7.23,73.1,84.9,0,1,0,0,6,8,39,174,1
S0214,6.72,67.9,89.8,0,4,0,3,7,2,63,121,1
S0215,6.87,48.5,63.3,0,1,0,2,7,5,58,73,0
S0216,8.2,61.2,72.1,0,4,1,1,4,6,68,134,1
S0217,7.74,56.9,72.1,0,1,1,4,7,7,72,157,1
S0218,8.54,52.5,71.0,0,5,0,1,8,5,67,179,1
S0219,7.05,63.0,65.5,0,3,1,3,6,5,55,39,1
S0220,6.5,88.2,57.1,0,0,0,2,3,7,74,134,0
S0221,6.98,74.6,72.9,1,0,0,3,5,5,47,61,0
S0222,7.44,87.9,64.3,0,0,2,3,6,7,40,83,1
S0223,7.38,79.1,72.9,0,2,1,4,3,4,15,41,0
S0224,6.12,82.8,64.1,0,4,1,0,5,4,59,70,1
S0225,7.29,66.0,61.0,3,2,1,2,3,7,48,136,0
S0226,7.43,80.2,74.3,1,2,3,3,7,6,66,211,1
S0227,9.72,82.3,73.5,0,2,0,2,6,8,30,65,1
S0228,9.08,69.2,77.8,0,2,0,1,2,5,50,31,0
S0229,6.35,80.6,93.9,0,3,0,4,6,5,67,232,0
S0230,6.91,80.7,74.8,3,2,1,0,5,8,45,38,0
S0231,5.74,69.5,76.9,0,3,1,1,7,3,66,13,1
S0232,6.61,63.8,61.2,0,5,1,1,5,8,52,44,1
S0233,7.52,63.2,59.1,4,2,0,0,4,8,60,152,0
S0234,8.41,75.9,87.8,1,0,0,2,4,8,69,36,1
S0235,6.47,78.3,62.8,0,1,1,0,4,5,74,24,1
S0236,6.55,67.1,61.6,0,2,3,2,6,5,61,78,1
S0237,5.05,75.3,71.6,0,2,0,3,6,6,48,211,1
S0238,7.04,80.7,71.1,0,4,0,1,5,4,53,101,1
S0239,6.14,81.2,63.0,0,3,0,2,5,4,70,20,0
S0240,6.67,90.5,69.0,3,2,0,0,5,7,45,287,0
S0241,6.32,87.8,84.3,3,3,0,3,10,7,57,92,0
S0242,7.11,65.0,63.9,0,1,0,4,4,4,54,141,0
S0243,5.44,91.8,58.1,0,4,1,0,4,7,58,16,1
S0244,5.73,69.7,81.4,0,0,0,2,10,7,45,255,1
S0245,9.33,85.4,76.9,0,3,0,1,6,9,32,52,0
S0246,5.91,75.7,65.8,1,4,0,1,3,7,68,14,0
S0247,6.1,70.9,56.2,0,3,2,2,7,8,74,85,1
S0248,9.04,56.9,64.6,0,4,0,1,4,7,33,141,1
S0249,9.9,73.3,71.5,0,2,0,2,7,8,66,112,1
S0250,6.03,59.4,83.7,0,4,0,0,5,4,76,111,1
S0251,6.83,84.7,61.6,0,2,1,1,5,6,69,105,1
S0252,7.54,90.2,71.2,1,3,2,3,9,6,54,79,1
S0253,8.93,67.0,78.8,1,0,0,0,7,6,46,16,1
S0254,6.21,78.0,48.2,0,1,0,2,7,7,61,60,0
S0255,6.95,67.7,82.3,2,2,0,0,6,7,64,54,1
S0256,7.98,68.7,60.2,0,0,1,3,5,7,61,180,0
S0257,7.63,82.7,75.3,2,3,2,2,7,6,57,152,1
S0258,6.82,74.6,74.5,0,4,0,1,8,5,44,48,1
S0259,7.07,92.4,82.8,0,4,0,0,6,8,66,126,1
S0260,5.83,70.2,77.5,3,1,1,1,9,7,67,68,0
S0261,6.96,85.0,48.2,0,4,1,4,7,4,63,13,0
S0262,6.93,76.0,64.2,0,0,0,1,6,6,62,5,1
S0263,7.43,83.0,73.4,0,2,0,1,6,3,85,115,1
S0264,6.64,70.5,70.1,0,4,0,2,6,6,51,27,1
S0265,7.67,74.5,76.8,0,0,1,1,3,6,79,27,1
S0266,8.21,73.8,79.9,0,0,1,1,5,5,49,39,1
S0267,7.36,66.6,78.1,2,0,1,1,6,9,77,117,1
S0268,7.55,81.6,69.9,0,2,2,0,5,4,79,154,1
S0269,7.25,81.5,53.5,0,4,0,2,6,7,56,151,1
S0270,7.2,80.9,67.4,0,1,0,3,6,10,85,11,1
S0271,6.48,90.4,76.2,1,1,0,3,7,8,67,37,1
S0272,7.52,89.5,61.1,0,2,2,3,7,6,47,32,1
S0273,7.1,71.3,78.3,0,1,1,1,6,4,54,117,1
S0274,9.29,78.7,81.1,0,3,0,1,3,4,77,38,1
S0275,8.77,68.8,73.3,0,5,0,2,9,5,74,64,1
S0276,7.59,75.2,45.0,1,3,1,4,5,5,44,125,0
S0277,6.44,69.0,59.2,0,4,1,2,5,5,58,74,1
S0278,6.09,91.2,90.9,1,2,1,1,5,5,63,92,0
S0279,8.39,78.6,66.5,0,4,0,2,5,6,52,62,1
S0280,7.46,72.8,52.2,0,1,2,2,9,7,95,143,1
S0281,7.68,86.9,84.4,0,0,1,3,8,4,64,153,1
S0282,5.46,53.3,72.1,0,3,1,2,6,5,59,105,1
S0283,8.13,54.9,83.0,0,0,1,1,5,6,78,153,1
S0284,7.65,83.0,74.8,0,4,2,1,7,6,55,351,1
S0285,6.09,75.6,76.6,0,3,2,1,6,9,75,123,1
S0286,6.73,77.5,75.6,0,5,1,1,5,6,35,69,1
S0287,7.46,61.7,79.0,0,1,0,4,6,3,53,93,0
S0288,7.25,74.8,94.8,0,2,0,1,5,7,76,164,0
S0289,6.91,95.0,81.7,0,3,2,1,6,7,84,51,1
S0290,7.1,83.2,56.2,0,1,1,1,6,6,48,48,0
S0291,6.95,76.7,76.5,0,2,0,2,7,4,47,92,1
S0292,7.35,70.6,83.4,0,3,0,1,4,9,69,68,1
S0293,8.67,71.1,84.0,0,5,2,0,7,4,51,32,1
S0294,4.63,53.7,67.7,0,3,2,3,4,7,56,82,1
S0295,6.96,77.6,83.6,0,1,3,1,4,6,73,188,1
S0296,7.38,83.5,81.3,1,2,0,1,4,7,52,102,0
S0297,7.5,59.2,97.7,0,2,1,0,3,9,31,26,1
S0298,6.83,68.4,64.5,0,1,2,2,8,7,40,115,1
S0299,5.44,63.4,66.9,0,2,0,2,4,5,60,58,0
S0300,7.53,65.3,68.9,2,1,0,3,4,8,32,277,1
S0301,8.93,75.5,67.1,0,1,3,0,8,5,56,108,1
S0302,5.67,54.2,63.1,2,2,0,4,4,6,39,44,0
S0303,8.06,81.1,45.0,0,1,1,2,5,4,85,121,1
S0304,6.87,82.5,67.7,0,2,1,1,3,4,92,86,0
S0305,7.14,72.5,75.7,0,1,1,0,7,6,44,175,1
S0306,6.15,50.2,67.1,0,3,0,1,7,7,64,48,0
S0307,6.87,65.0,91.4,2,1,1,3,7,3,46,108,1
S0308,8.5,87.3,72.1,0,4,0,1,7,7,55,16,1
S0309,7.78,47.2,84.9,3,0,2,1,6,5,87,79,1
S0310,8.93,71.5,74.6,0,2,0,2,4,8,53,25,1
S0311,8.38,63.2,80.3,2,2,1,3,4,5,56,84,0
S0312,7.64,83.0,74.8,3,1,1,2,8,4,46,99,0
S0313,8.94,68.2,85.7,0,2,0,2,7,6,77,105,1
S0314,7.64,79.0,72.6,0,4,0,0,4,4,15,47,0
S0315,8.03,80.7,77.0,1,4,1,3,6,8,53,81,1
S0316,6.9,93.4,75.7,0,1,0,1,5,6,59,161,1
S0317,7.27,73.0,69.1,3,1,0,0,3,6,50,226,0
S0318,6.5,78.8,76.0,0,3,1,4,6,7,73,83,1
S0319,8.19,60.1,94.3,0,2,2,0,5,4,78,164,1
S0320,6.02,86.9,69.3,0,1,1,0,4,4,39,34,0
S0321,7.98,67.4,76.2,1,3,0,2,3,7,91,54,0
S0322,7.01,69.4,84.6,4,2,3,1,2,4,39,90,0
S0323,8.37,74.8,83.4,0,3,1,0,5,4,79,69,1
S0324,7.95,59.4,72.1,1,2,0,2,5,8,62,63,1
S0325,9.02,77.3,48.2,3,2,0,2,4,7,52,152,0
S0326,7.93,84.7,77.2,0,1,0,2,7,4,54,29,1
S0327,5.63,77.9,49.8,0,3,0,0,5,5,59,32,0
S0328,7.13,59.1,86.7,1,1,1,2,7,4,63,21,1
S0329,6.03,73.8,73.7,0,3,0,3,5,9,46,92,0
S0330,6.68,82.4,82.0,0,3,1,0,4,8,56,58,1
S0331,8.71,56.2,63.0,2,3,0,0,6,5,48,142,1
S0332,7.84,64.3,56.5,0,0,0,0,3,7,42,86,0
S0333,6.5,83.8,74.6,2,1,0,1,7,4,48,47,0
S0334,6.19,77.7,71.7,2,2,1,0,4,5,43,41,0
S0335,7.23,79.1,67.1,1,2,1,2,7,6,54,65,0
S0336,5.98,93.6,72.8,0,4,0,4,5,7,66,26,0
S0337,6.53,79.7,99.0,0,2,0,0,8,6,62,155,1
S0338,7.51,81.6,80.3,0,4,0,2,3,6,90,55,1
S0339,8.36,99.0,82.5,0,1,2,0,4,6,27,18,1
S0340,7.81,72.9,80.4,0,2,0,0,6,6,67,176,0
S0341,4.91,67.0,86.8,0,0,1,2,8,5,60,66,1
S0342,7.5,79.3,70.1,0,3,0,1,9,5,72,114,1
S0343,7.27,79.4,51.5,0,1,0,4,6,6,71,47,1
S0344,7.61,69.7,70.1,0,1,1,1,9,7,58,180,1
S0345,8.82,64.7,80.1,0,3,1,0,5,6,63,36,0
S0346,5.14,98.1,62.3,0,2,0,1,8,4,49,58,1
S0347,6.61,78.3,70.2,1,0,3,0,4,4,69,12,0
S0348,7.79,67.7,65.1,0,0,0,3,6,7,32,177,1
S0349,5.62,84.2,87.0,2,2,0,2,1,9,72,42,0
S0350,8.68,73.9,79.5,2,1,0,1,3,6,60,94,0
S0351,7.57,72.5,78.5,0,1,1,1,6,5,53,104,1
S0352,8.05,80.6,78.2,0,3,1,2,3,6,57,158,0
S0353,6.63,62.1,71.6,0,1,0,2,6,4,58,89,0
S0354,8.01,78.5,74.0,0,2,2,0,7,8,79,69,1
S0355,8.27,94.1,60.1,0,2,1,0,4,6,100,147,1
S0356,7.43,79.7,50.1,0,1,3,0,4,5,78,103,0
S0357,7.43,71.2,73.5,2,1,2,1,5,6,52,61,0
S0358,7.47,69.9,75.2,3,1,2,1,4,5,69,183,0
S0359,6.34,70.9,84.1,1,0,1,0,5,8,70,108,1
S0360,7.05,72.5,87.7,0,1,0,1,6,6,46,23,1
S0361,7.05,71.2,87.7,0,4,0,1,5,6,41,206,0
S0362,7.58,84.2,62.0,4,4,1,0,9,7,59,46,0
S0363,8.2,57.7,68.5,0,2,0,3,4,5,72,157,1
S0364,6.14,83.6,76.8,0,2,1,2,8,6,36,18,0
S0365,7.07,71.2,97.3,0,2,0,1,3,6,49,146,1
S0366,8.68,78.8,86.8,0,4,2,1,6,3,69,25,1
S0367,6.46,63.7,83.2,0,1,0,1,8,6,61,87,1
S0368,6.38,88.3,68.1,0,1,2,3,8,6,81,106,1
S0369,7.4,87.5,63.2,0,1,0,2,5,6,39,62,1
S0370,8.04,84.6,79.9,0,0,0,1,7,6,95,76,1
S0371,7.21,59.9,61.0,0,1,2,3,6,6,37,30,0
S0372,8.53,83.3,69.6,0,4,2,3,4,8,30,136,1
S0373,8.06,79.0,70.9,0,4,1,3,7,4,59,90,1
S0374,8.04,58.9,87.9,2,1,3,0,9,5,43,36,0
S0375,7.75,74.8,68.5,0,2,0,0,6,7,59,93,1
S0376,9.53,78.6,47.6,0,2,2,2,7,7,59,95,0
S0377,6.99,80.6,77.0,1,2,0,1,7,7,57,79,0
S0378,5.2,76.8,65.0,0,2,1,2,3,10,47,5,1
S0379,8.8,77.9,72.4,1,0,0,2,6,7,66,55,0
S0380,6.74,89.7,71.1,1,4,0,1,3,8,55,134,1
S0381,7.31,87.3,69.3,0,5,1,1,4,5,77,111,1
S0382,8.51,46.3,79.9,0,3,1,1,10,4,57,108,1
S0383,5.6,71.8,56.7,0,3,0,1,5,5,46,90,0
S0384,5.95,73.4,66.8,4,2,2,2,4,7,35,145,0
S0385,5.6,57.5,78.8,1,2,1,2,8,7,57,46,1
S0386,6.41,75.9,65.9,3,1,0,1,4,7,41,38,0
S0387,7.64,87.5,55.9,2,2,1,2,5,6,40,241,0
S0388,7.72,64.1,78.7,0,0,0,1,8,5,68,42,1
S0389,7.48,78.4,83.2,1,4,0,2,6,6,33,23,1
S0390,5.79,65.8,71.6,0,2,1,0,2,7,81,61,1
S0391,4.89,68.3,52.4,1,2,0,2,7,8,62,81,0
S0392,7.25,89.8,79.1,0,2,0,2,5,4,59,146,1
S0393,6.73,69.6,55.4,0,5,1,1,9,7,44,55,0
S0394,7.66,79.6,75.1,1,1,0,2,4,5,71,55,0
S0395,7.9,56.3,63.1,1,1,2,3,8,7,60,75,1
S0396,7.34,93.6,60.4,0,1,1,0,9,6,50,48,1
S0397,7.96,81.0,67.6,0,3,0,2,4,9,63,18,1
S0398,7.43,73.2,70.2,0,5,1,4,5,5,35,24,1
S0399,7.73,80.8,65.6,3,1,0,3,6,6,35,174,0
S0400,6.5,60.9,77.9,0,4,1,1,4,7,43,125,1
S0401,7.02,86.8,67.5,0,1,0,2,6,4,65,73,1
S0402,7.4,71.8,81.8,0,3,2,4,5,6,60,110,1
S0403,8.02,73.0,74.8,0,0,0,2,5,6,76,128,1
S0404,6.81,70.1,65.0,0,2,1,0,6,5,46,44,1
S0405,7.72,69.2,63.3,0,3,0,0,6,5,69,30,1
S0406,6.93,81.9,55.5,1,2,0,2,6,8,58,162,0
S0407,7.08,77.6,74.9,2,1,1,1,4,5,46,7,0
S0408,8.03,81.5,68.5,3,4,1,0,4,7,66,112,1
S0409,5.21,74.9,48.3,0,5,3,1,5,7,59,86,0
S0410,5.9,80.1,66.6,0,2,0,2,5,3,51,151,1
S0411,5.72,70.8,63.0,1,3,0,1,5,7,61,114,0
S0412,4.87,97.3,87.8,2,3,0,3,6,3,58,110,0
S0413,6.52,59.3,55.0,0,1,0,2,2,7,58,33,0
S0414,7.95,87.6,57.6,1,4,2,4,4,5,54,131,1
S0415,6.92,88.7,83.1,1,1,2,3,5,6,40,102,1
S0416,7.4,66.5,85.6,0,3,2,1,4,4,61,37,0
S0417,8.29,97.3,64.6,1,1,0,2,9,6,48,87,1
S0418,8.53,85.0,65.7,0,1,0,0,6,8,45,27,0
S0419,7.13,84.7,78.2,0,2,1,4,6,5,56,66,1
S0420,8.55,75.3,48.7,0,2,0,1,5,5,71,307,1
S0421,7.29,72.8,53.4,0,4,1,2,5,7,63,31,0
S0422,6.36,72.9,69.2,2,5,0,3,3,7,52,18,0
S0423,6.61,78.9,87.5,0,1,0,0,5,2,51,25,1
S0424,5.72,89.0,67.6,0,1,2,3,4,10,70,65,1
S0425,6.31,76.8,73.0,1,2,0,0,5,7,24,121,0
S0426,6.84,65.9,83.3,1,2,3,1,1,7,72,77,1
S0427,8.0,83.2,93.1,1,2,0,1,3,6,32,21,0
S0428,8.92,84.2,66.2,0,4,0,1,8,3,39,119,1
S0429,5.82,81.5,71.8,2,3,0,2,7,7,52,10,1
S0430,7.59,82.5,90.2,0,0,0,3,8,5,93,23,1
S0431,6.16,72.3,56.8,0,2,1,1,8,7,85,46,0
S0432,7.67,65.7,82.3,0,3,0,2,7,6,71,158,1
S0433,7.07,66.3,61.8,0,2,1,3,5,6,65,80,1
S0434,5.37,58.6,73.0,1,1,2,2,3,5,32,82,1
S0435,8.13,77.4,69.6,0,2,0,0,8,8,62,21,1
S0436,6.59,74.2,62.4,0,2,0,4,6,4,52,50,1
S0437,6.67,70.6,62.2,1,1,0,0,10,10,48,142,0
S0438,6.13,45.4,74.8,1,3,1,2,5,10,62,97,1
S0439,6.55,62.5,82.0,0,2,1,2,9,9,53,123,1
S0440,7.63,86.2,70.7,3,2,0,2,5,8,73,73,0
S0441,7.01,68.4,72.7,1,2,1,0,8,6,31,143,1
S0442,7.53,78.6,77.7,4,4,1,0,9,8,61,21,0
S0443,7.56,61.1,62.3,4,1,0,2,3,6,47,64,0
S0444,8.52,89.4,79.4,2,1,0,0,5,3,54,108,0
S0445,6.86,73.6,80.2,1,1,3,1,3,9,65,15,1
S0446,5.72,77.9,98.0,0,2,0,2,3,8,43,3,0
S0447,8.27,98.3,68.2,0,1,0,2,7,6,62,241,1
S0448,6.87,90.2,67.4,0,3,0,0,5,4,57,80,0
S0449,8.31,71.9,79.7,1,1,1,1,6,5,50,13,0
S0450,7.58,69.1,80.2,0,0,0,4,7,3,53,79,1
S0451,7.07,71.7,66.6,2,2,0,1,2,8,58,24,0
S0452,7.55,80.1,68.0,0,3,0,0,8,3,48,33,1
S0453,9.15,73.9,77.4,0,4,1,0,5,7,60,161,1
S0454,9.28,71.0,63.7,0,3,0,1,7,4,56,47,1
S0455,7.27,89.7,67.9,0,2,2,4,7,3,51,47,0
S0456,7.36,73.9,72.9,0,3,0,1,8,6,84,23,1
S0457,8.28,98.0,82.0,0,3,0,0,5,5,66,56,0
S0458,6.35,75.9,66.0,2,1,3,1,1,8,54,84,1
S0459,7.53,92.9,53.6,0,2,2,0,6,4,62,47,0
S0460,7.17,78.6,52.8,0,3,0,1,6,5,45,283,1
S0461,7.51,84.6,59.4,0,1,2,4,3,2,53,29,0
S0462,6.37,67.8,58.9,0,3,1,2,6,2,55,29,1
S0463,5.61,66.5,70.5,0,2,0,0,5,9,41,54,0
S0464,5.13,79.6,60.1,1,2,2,1,3,10,66,261,1
S0465,6.08,84.9,65.0,1,0,1,0,7,6,52,124,0
S0466,6.74,75.4,64.3,0,3,0,0,4,5,55,46,0
S0467,6.91,62.1,67.6,0,4,1,2,5,5,51,46,1
S0468,9.14,61.4,85.2,0,1,0,1,5,8,100,28,1
S0469,8.31,60.7,78.6,0,2,0,2,8,5,50,53,0
S0470,6.24,57.3,72.2,2,0,3,3,5,6,29,62,0
S0471,7.55,76.1,67.4,0,0,1,0,6,6,36,120,1
S0472,6.79,86.3,67.7,2,5,1,3,5,5,71,102,1
S0473,6.92,74.9,75.3,0,2,1,1,6,5,80,51,1
S0474,7.39,52.4,77.8,0,2,1,1,8,7,50,199,0
S0475,7.82,73.1,62.9,0,1,0,3,7,4,79,40,1
S0476,6.86,73.4,72.4,0,5,3,0,7,7,71,18,1
S0477,8.26,96.0,51.7,4,1,1,2,7,5,57,87,0
S0478,6.06,60.4,74.1,0,3,1,2,3,6,56,153,1
S0479,7.21,71.1,79.6,2,1,1,1,4,8,63,71,1
S0480,9.8,92.1,69.2,2,0,0,3,5,6,73,22,1
S0481,7.42,79.5,90.2,0,3,0,0,4,8,66,82,1
S0482,8.63,80.6,63.2,0,0,0,3,3,3,50,90,0
S0483,7.29,76.1,74.2,0,3,0,0,2,5,57,97,1
S0484,7.78,78.3,71.6,0,1,1,0,3,6,90,83,1
S0485,7.14,82.8,71.0,1,3,2,1,5,9,64,167,1
S0486,7.03,66.9,70.9,0,3,0,3,5,2,73,27,1
S0487,6.42,83.8,73.1,3,3,0,0,4,6,68,1,0
S0488,7.63,61.3,80.5,0,0,1,3,6,9,64,10,1
S0489,6.35,78.3,85.8,0,3,0,0,5,5,62,22,1
S0490,7.87,76.8,72.0,1,5,2,1,8,6,73,135,1
S0491,8.29,68.8,80.2,0,1,0,1,5,7,71,56,1
S0492,7.57,74.8,65.0,2,1,0,0,7,6,64,209,1
S0493,6.91,68.8,79.7,0,4,0,4,6,9,50,25,1
S0494,7.65,64.3,64.4,4,1,2,1,3,7,66,207,0
S0495,6.89,71.5,82.9,1,3,0,2,5,8,59,33,1
S0496,8.14,64.0,94.1,2,3,1,2,3,5,55,62,1
S0497,5.37,78.2,70.8,0,0,0,1,5,5,100,13,0
S0498,6.86,63.5,50.1,2,2,0,2,4,6,37,188,1
S0499,5.21,82.1,66.5,0,2,2,3,6,4,74,69,0
S0500,5.7,63.2,84.3,1,1,0,2,3,7,47,292,0
S0501,8.56,69.3,77.5,0,4,0,1,6,5,62,158,1
S0502,8.1,68.8,74.5,0,1,1,2,7,5,99,61,1
S0503,6.48,88.3,82.1,0,2,2,2,7,7,46,38,1
S0504,5.7,78.3,76.8,0,4,0,1,4,4,49,139,0
S0505,4.5,72.9,84.2,0,1,0,2,6,7,60,75,1
S0506,6.66,80.0,81.2,1,4,3,1,6,5,47,37,1
S0507,9.62,53.9,87.2,0,0,1,2,9,8,73,79,1
S0508,7.63,74.6,75.6,1,2,2,4,3,5,52,8,1
S0509,6.64,95.0,81.1,0,0,1,4,4,7,70,99,1
S0510,7.67,76.3,68.9,1,3,1,3,10,6,40,113,1
S0511,5.64,75.7,66.0,1,3,0,2,5,7,33,24,0
S0512,6.9,80.5,89.1,0,4,0,2,2,6,57,171,1
S0513,7.3,84.0,74.2,1,5,1,0,4,3,36,146,0
S0514,7.11,55.0,80.0,2,3,1,1,1,8,83,92,1
S0515,7.99,58.2,73.2,1,3,3,1,6,6,37,31,1
S0516,7.54,77.1,66.1,0,2,1,0,7,7,44,118,1
S0517,7.87,67.9,72.1,0,4,0,4,4,7,66,53,1
S0518,6.51,88.1,86.4,1,3,1,3,5,5,51,85,1
S0519,8.1,71.8,77.6,0,4,1,1,7,4,37,126,1
S0520,8.83,55.7,54.9,1,1,0,1,2,7,91,18,1
S0521,6.23,62.3,69.8,0,2,1,2,3,5,45,12,0
S0522,6.31,47.5,89.8,1,3,1,1,5,8,57,49,0
S0523,8.54,72.7,69.9,0,1,0,3,4,6,57,259,0
S0524,7.01,73.1,54.0,0,1,1,4,5,8,71,300,0
S0525,8.6,70.8,90.9,4,5,1,1,3,7,67,97,0
S0526,6.76,85.8,78.8,2,2,2,0,6,7,48,149,0
S0527,8.66,87.0,71.3,2,1,0,1,5,5,55,71,1
S0528,7.33,73.3,68.3,3,2,1,0,7,6,57,79,0
S0529,7.46,53.7,82.8,0,2,1,1,6,8,71,62,1
S0530,8.76,81.2,66.6,0,3,1,0,6,6,42,162,1
S0531,6.84,80.6,83.5,0,4,0,0,3,7,90,211,1
S0532,6.26,78.1,77.4,0,5,2,1,6,6,49,78,1
S0533,6.75,84.8,74.4,0,3,2,0,5,6,60,79,0
S0534,7.65,63.4,73.5,3,3,1,2,5,9,43,65,0
S0535,5.63,95.1,70.3,0,2,1,0,8,8,41,215,1
S0536,7.84,65.4,82.5,0,4,0,3,4,6,47,136,1
S0537,6.66,82.5,63.3,0,1,1,0,8,6,45,30,0
S0538,8.35,58.1,55.8,0,1,0,0,8,5,54,254,1
S0539,4.81,65.7,78.1,0,5,1,0,7,6,45,5,1
S0540,6.41,90.2,78.3,0,4,0,2,4,7,70,200,1
S0541,5.51,72.4,76.8,0,1,1,1,1,8,48,153,0
S0542,6.37,83.4,76.1,0,3,0,1,8,7,47,78,0
S0543,7.45,77.4,68.8,2,2,1,0,6,4,54,77,0
S0544,7.02,74.0,79.9,0,2,1,4,4,8,75,67,0
S0545,6.95,88.6,71.5,1,1,0,0,8,6,63,32,0
S0546,7.04,72.6,67.1,0,1,0,1,4,4,59,240,1
S0547,7.4,57.2,68.9,0,2,2,3,5,8,39,75,1
S0548,6.19,67.0,92.2,0,2,1,0,7,9,43,31,1
S0549,7.91,80.5,54.7,3,2,0,1,3,6,41,231,0
S0550,7.86,79.0,77.0,0,1,0,3,5,7,80,105,1
S0551,7.59,59.3,55.2,0,4,0,1,8,7,68,110,0
S0552,7.76,67.8,70.9,0,3,1,0,6,9,47,266,1
S0553,7.5,69.2,67.7,2,4,1,1,8,7,52,121,1
S0554,9.24,71.3,51.1,0,1,0,0,8,4,48,44,0
S0555,7.11,61.2,75.9,0,3,1,3,6,10,47,121,0
S0556,6.89,68.7,68.2,2,4,1,2,1,8,67,35,0
S0557,6.45,67.7,51.0,0,2,1,2,3,5,56,52,1
S0558,6.17,82.7,80.4,0,1,0,0,7,4,91,95,0
S0559,5.96,83.1,86.4,0,1,0,2,2,7,79,148,1
S0560,6.31,73.5,86.9,0,1,0,2,5,5,80,46,1
S0561,7.13,71.1,75.6,3,2,0,0,6,7,70,66,0
S0562,7.53,76.4,72.5,0,2,0,3,8,7,54,65,1
S0563,7.25,66.8,85.3,0,1,0,2,4,5,69,166,0
S0564,6.43,63.5,88.8,0,3,0,2,4,4,55,77,1
S0565,8.1,65.6,83.3,0,0,1,1,5,7,84,252,1
S0566,7.94,68.7,62.6,1,2,0,0,6,5,66,51,0
S0567,7.04,63.4,74.0,0,3,1,2,5,6,64,48,1
S0568,6.55,76.6,76.4,1,1,0,2,8,4,62,198,0
S0569,7.75,82.3,53.9,0,1,1,1,4,6,86,114,0
S0570,7.39,59.1,76.7,0,1,0,0,6,7,38,193,1
S0571,5.75,75.3,94.7,0,0,1,3,6,7,88,24,1
S0572,7.13,72.8,78.4,1,2,1,0,5,5,57,75,0
S0573,7.46,78.4,86.7,0,0,0,1,7,4,39,95,0
S0574,6.3,74.9,73.8,0,1,1,2,6,6,49,90,0
S0575,7.39,60.5,71.3,1,5,0,0,7,7,35,67,1
S0576,5.75,62.4,75.8,0,4,1,0,6,7,70,88,1
S0577,8.54,75.3,63.8,0,1,0,0,6,5,44,92,1
S0578,8.45,85.3,62.4,0,1,0,3,4,7,63,47,1
S0579,6.95,52.9,84.7,2,2,0,1,4,9,77,161,1
S0580,7.56,78.5,85.7,0,4,2,2,8,6,50,233,1
S0581,4.79,86.9,62.1,0,4,0,4,7,3,56,129,0
S0582,6.04,73.5,81.7,0,1,1,2,3,6,40,103,1
S0583,6.91,80.5,71.1,0,1,0,1,6,10,54,71,0
S0584,6.13,68.0,75.4,0,2,0,1,1,4,99,94,0
S0585,7.91,73.8,76.6,0,4,0,1,4,6,72,101,1
S0586,9.2,58.8,81.9,0,4,2,2,7,6,56,32,1
S0587,6.02,51.6,72.8,0,1,1,4,5,6,51,156,1
S0588,6.36,84.4,86.1,2,2,0,2,6,6,59,54,0
S0589,7.44,65.2,75.1,0,1,1,1,1,8,62,205,1
S0590,8.81,70.4,78.2,0,3,0,1,5,6,54,86,1
S0591,5.98,61.1,63.7,2,4,0,3,6,8,68,158,0
S0592,7.45,60.9,93.6,2,2,1,0,6,6,46,127,0
S0593,9.02,73.3,76.7,0,0,0,3,7,5,46,24,1
S0594,5.55,67.7,79.1,0,2,0,1,5,5,66,193,0
S0595,5.92,78.8,55.9,0,2,1,2,5,3,42,40,1
S0596,6.78,79.5,63.8,0,4,0,3,3,6,71,51,1
S0597,6.68,78.2,84.4,0,2,2,1,5,10,60,55,1
S0598,8.01,77.4,74.9,0,4,1,0,3,7,33,16,0
S0599,7.44,90.8,52.9,0,1,2,3,2,7,62,89,1
S0600,5.43,64.3,82.4,0,1,1,1,3,5,35,164,0
S0601,7.72,74.5,66.6,0,1,2,1,9,6,70,202,1
S0602,6.62,86.3,86.1,0,0,0,1,5,8,56,67,0
S0603,8.47,87.6,71.1,0,1,1,1,6,10,88,76,1
S0604,6.57,60.8,74.0,1,3,1,2,4,9,76,134,1
S0605,6.56,71.9,83.8,2,1,2,0,2,7,44,68,1
S0606,7.74,88.6,63.0,0,1,0,1,7,6,30,175,1
S0607,7.96,80.1,62.1,0,1,1,3,1,6,49,73,1
S0608,7.65,77.0,70.0,0,0,1,0,4,5,42,35,0
S0609,5.51,72.8,80.3,0,4,0,1,5,3,87,91,1
S0610,7.74,71.2,58.7,1,5,2,2,6,4,60,19,1
S0611,6.17,77.9,55.3,0,0,0,3,4,6,74,90,0
S0612,7.44,72.5,80.2,0,3,0,2,2,5,56,103,0
S0613,5.78,74.6,66.0,0,3,1,3,4,3,57,40,0
S0614,7.65,75.8,68.1,0,5,0,0,4,6,60,100,0
S0615,6.39,68.2,53.4,0,2,0,1,4,5,77,62,0
S0616,5.92,80.3,65.2,0,1,0,4,7,4,65,39,0
S0617,7.91,99.0,71.9,3,2,0,3,3,5,44,16,0
S0618,7.44,57.2,81.3,0,4,1,2,6,5,84,22,1
S0619,6.59,78.2,64.3,0,3,2,1,6,5,56,219,0
S0620,8.65,67.4,88.6,0,2,1,1,7,8,53,60,0
S0621,6.76,80.8,65.2,0,1,0,0,5,3,18,101,0
S0622,7.23,75.5,65.2,0,3,1,3,7,2,70,66,1
S0623,7.47,82.6,87.4,0,4,2,3,5,6,62,223,1
S0624,6.58,86.8,74.1,1,2,1,1,6,6,61,39,0
S0625,7.67,76.9,66.5,0,3,0,1,2,7,54,81,1
S0626,6.67,86.3,70.4,0,2,0,1,1,5,51,51,0
S0627,6.79,51.6,85.5,0,2,2,0,6,4,54,156,1
S0628,8.56,90.9,86.7,0,2,2,2,6,6,67,101,1
S0629,6.16,78.8,63.8,0,3,0,2,6,5,70,79,1
S0630,4.79,85.8,71.6,2,5,2,0,4,9,57,25,1
S0631,8.81,62.8,72.9,0,2,0,2,8,5,74,291,1
S0632,9.75,66.7,62.1,0,2,0,4,5,6,59,68,1
S0633,6.79,76.5,71.4,1,2,1,0,6,10,52,33,0
S0634,5.26,74.8,72.1,0,1,1,1,7,6,63,17,0
S0635,6.89,77.8,83.4,0,1,0,1,9,7,40,21,0
S0636,6.91,85.8,84.1,0,0,2,0,5,7,63,78,1
S0637,7.01,57.3,68.7,0,2,2,1,4,7,37,158,1
S0638,6.09,84.7,69.9,0,1,0,2,3,7,45,96,0
S0639,7.78,75.1,78.6,1,2,1,0,9,6,30,18,1
S0640,7.72,73.0,66.1,2,3,1,0,6,6,57,78,0
S0641,5.71,60.3,77.9,1,1,1,3,6,5,84,192,1
S0642,7.9,80.0,71.1,4,3,3,1,10,7,58,58,1
S0643,9.25,50.9,62.3,1,4,1,2,6,10,70,96,1
S0644,7.37,81.5,62.4,2,2,0,2,3,8,95,60,1
S0645,6.86,60.1,86.5,2,1,0,3,5,7,66,112,0
S0646,7.06,75.5,70.4,1,2,2,2,4,8,49,38,1
S0647,7.82,73.8,88.4,1,2,3,3,5,4,51,1,0
S0648,5.47,86.7,66.9,3,2,0,2,5,6,60,26,0
S0649,7.36,73.2,74.9,0,1,0,1,4,8,51,52,1
S0650,6.81,68.1,95.9,0,2,1,1,3,9,52,72,0
S0651,9.05,69.9,61.4,0,2,0,1,9,5,75,54,1
S0652,7.03,87.7,53.0,2,1,0,1,6,5,75,53,0
S0653,8.87,80.4,84.9,0,3,2,0,5,10,35,159,1
S0654,6.1,71.1,63.7,1,0,2,1,7,6,48,30,0
S0655,7.79,72.6,71.8,1,2,2,1,6,9,53,79,0
S0656,7.52,59.3,66.1,3,4,1,0,6,6,69,19,0
S0657,6.33,78.9,74.7,0,1,0,1,7,6,77,129,1
S0658,7.38,57.4,62.5,1,3,2,2,6,5,100,94,0
S0659,8.41,82.5,70.2,1,2,0,2,7,8,53,287,1
S0660,6.88,76.3,76.5,3,1,0,3,7,8,54,29,0
S0661,5.51,98.9,61.9,2,4,2,1,6,4,69,230,1
S0662,7.18,64.0,65.0,0,2,1,3,5,5,50,33,1
S0663,6.3,74.0,68.5,0,1,2,2,9,8,58,58,1
S0664,6.86,93.0,57.7,0,4,0,0,5,6,54,22,1
S0665,7.12,86.9,67.8,4,3,3,4,6,5,21,285,0
S0666,5.49,68.0,73.2,0,3,1,0,6,8,62,105,0
S0667,5.58,77.2,68.0,1,0,1,2,4,8,57,105,1
S0668,7.68,75.0,69.3,1,1,2,2,4,5,79,36,0
S0669,6.68,77.8,71.8,0,3,0,1,5,6,60,5,1
S0670,4.64,68.0,65.4,0,1,1,2,5,4,41,56,0
S0671,7.98,74.1,78.9,0,1,1,1,3,4,56,47,0
S0672,7.47,59.0,86.4,2,3,1,0,4,6,29,11,0
S0673,6.49,76.4,67.4,0,1,2,0,6,6,42,59,0
S0674,5.88,79.5,76.9,0,0,1,0,8,4,70,79,1
S0675,8.04,72.7,69.6,1,0,0,0,7,5,56,110,1
S0676,7.55,58.8,75.7,0,2,0,2,1,4,74,7,1
S0677,9.58,84.9,87.7,2,3,3,1,7,7,30,24,1
S0678,7.62,78.6,77.1,0,4,3,1,4,2,56,37,1
S0679,7.59,67.7,54.3,0,1,3,2,6,4,53,164,1
S0680,7.03,72.2,76.5,0,1,0,0,5,3,74,162,1
S0681,8.02,60.0,84.3,0,2,0,1,5,7,70,100,1
S0682,7.83,64.7,69.8,0,2,1,2,5,3,70,58,1
S0683,8.45,69.6,82.0,1,2,1,3,5,6,83,171,1
S0684,6.68,87.3,65.1,0,4,0,1,8,9,54,91,1
S0685,6.76,68.6,57.1,0,2,1,0,5,9,80,164,0
S0686,6.72,81.4,73.4,0,2,0,2,8,3,44,104,0
S0687,7.99,69.6,54.4,0,5,1,3,7,7,44,13,1
S0688,8.7,77.5,69.6,3,0,0,1,7,4,71,5,1
S0689,6.74,73.6,84.9,0,4,0,0,2,4,37,53,0
S0690,6.78,83.7,52.9,4,2,0,0,8,6,69,140,0
S0691,7.51,69.7,59.2,0,2,2,2,5,8,62,47,1
S0692,6.95,59.3,61.7,0,4,1,3,7,7,76,194,1
S0693,8.15,61.2,71.4,0,2,2,2,4,5,59,131,1
S0694,4.95,69.7,68.3,0,2,1,1,3,7,61,182,1
S0695,6.37,62.5,86.0,1,1,0,2,9,2,68,55,1
S0696,6.42,79.1,81.5,0,3,0,3,4,5,50,31,1
S0697,4.88,70.3,77.0,0,2,1,1,8,5,49,27,0
S0698,6.24,98.7,73.5,0,1,0,3,6,6,67,111,1
S0699,6.28,57.6,75.9,0,3,1,1,5,6,60,15,1
S0700,7.0,77.0,63.4,3,3,2,1,5,6,54,16,0
S0701,8.31,63.7,80.6,3,2,2,2,3,6,59,44,0
S0702,6.95,70.1,60.9,1,0,0,1,5,6,84,89,0
S0703,6.17,76.4,80.4,1,2,1,4,3,7,53,38,1
S0704,7.14,51.7,83.9,1,0,0,1,5,6,53,162,0
S0705,8.25,77.4,74.1,0,0,0,1,7,5,34,184,1
S0706,6.22,94.0,70.2,1,2,1,1,6,7,59,2,1
S0707,6.29,70.5,76.0,0,0,1,1,3,7,70,105,1
S0708,7.76,77.6,45.0,1,1,1,1,7,5,73,47,0
S0709,6.98,85.2,75.0,3,3,0,2,5,6,62,145,0
S0710,7.85,73.4,70.9,0,1,3,1,4,8,74,108,1
S0711,7.19,69.2,71.5,2,5,3,1,7,4,71,86,0
S0712,7.9,52.2,79.1,3,4,1,2,5,9,77,68,1
S0713,6.16,81.4,71.3,0,2,2,0,3,4,75,16,0
S0714,7.19,73.9,60.6,0,5,0,2,9,5,84,315,1
S0715,6.99,64.9,70.6,3,4,1,1,5,4,57,23,0
S0716,5.98,76.3,72.7,3,1,2,1,5,10,40,232,0
S0717,5.64,69.2,73.1,0,3,2,2,5,5,70,124,1
S0718,7.89,69.7,73.6,0,1,2,2,8,5,72,49,0
S0719,6.85,81.1,82.4,1,3,1,3,4,5,84,43,0
S0720,6.18,61.6,61.1,0,2,2,1,2,6,79,15,1
S0721,7.1,85.5,73.8,0,0,1,1,4,5,89,77,1
S0722,8.33,61.0,84.9,0,1,0,2,8,6,69,14,0
S0723,4.92,68.4,54.7,0,5,0,2,7,1,63,168,1
S0724,5.7,94.2,73.8,0,1,1,2,5,6,39,92,0
S0725,6.28,86.3,66.1,0,1,1,2,8,6,65,73,1
S0726,8.66,76.0,68.3,0,1,1,2,7,8,52,81,1
S0727,7.48,65.6,63.0,1,2,2,0,5,8,63,95,1
S0728,7.97,69.7,70.3,0,4,1,2,5,6,61,57,1
S0729,6.06,75.7,90.4,0,3,0,0,6,7,67,63,1
S0730,6.08,75.4,59.4,0,2,0,1,4,4,59,249,0
S0731,7.65,74.1,60.3,0,1,1,2,6,7,74,157,1
S0732,7.26,74.7,59.0,0,0,1,1,6,5,19,120,0
S0733,7.75,72.9,89.3,0,2,1,1,2,4,63,49,1
S0734,7.01,60.6,67.4,0,4,1,3,5,6,78,9,1
S0735,7.48,69.8,71.7,0,3,1,2,5,9,88,110,1
S0736,7.36,84.1,68.0,0,2,1,1,8,6,71,81,1
S0737,7.98,61.3,62.6,0,2,2,4,2,9,85,62,1
S0738,8.01,73.1,69.6,3,2,0,1,5,5,63,71,0
S0739,5.58,66.8,96.6,1,2,1,2,5,8,60,25,0
S0740,4.95,76.1,85.9,0,2,1,0,7,5,68,33,1
S0741,8.2,71.1,63.5,0,3,0,1,5,6,60,157,1
S0742,8.39,89.8,78.5,0,2,1,1,9,6,48,6,1
S0743,6.18,80.1,63.7,0,5,1,0,7,7,52,142,1
S0744,5.34,61.9,54.2,0,2,1,1,5,6,43,200,0
S0745,7.3,81.7,82.2,0,0,1,0,6,5,68,108,0
S0746,8.13,67.3,83.6,0,1,0,2,5,8,60,104,1
S0747,9.0,69.2,82.5,0,2,0,0,7,9,55,32,0
S0748,7.72,78.1,67.3,1,2,0,0,3,5,51,37,0
S0749,6.83,70.1,70.3,2,2,0,4,4,3,68,53,0
S0750,6.31,83.9,79.5,1,3,1,2,6,7,72,20,0
S0751,7.21,67.3,75.9,0,1,2,4,8,5,43,35,0
S0752,6.9,68.8,68.1,0,3,1,1,1,6,41,81,0
S0753,6.18,68.4,55.8,0,3,0,0,8,7,74,50,0
S0754,9.25,69.3,73.1,1,2,0,2,5,5,39,86,0
S0755,8.99,86.0,82.8,0,2,0,2,2,6,68,157,1
S0756,8.34,81.3,60.0,0,1,1,0,1,6,84,86,1
S0757,6.28,92.1,78.4,0,2,0,3,2,9,84,105,0
S0758,8.06,97.7,75.3,3,3,1,2,5,6,71,14,1
S0759,7.84,64.7,79.5,0,4,1,2,5,4,71,155,0
S0760,7.64,75.7,80.7,0,2,1,1,7,4,94,14,1
S0761,8.45,63.2,65.1,0,1,0,2,4,6,25,47,0
S0762,7.84,67.2,55.8,0,3,0,1,3,4,53,26,0
S0763,7.94,68.7,66.7,0,3,1,4,5,3,73,9,1
S0764,7.84,64.4,80.9,0,2,1,1,6,7,55,82,0
S0765,7.54,64.5,66.6,0,4,0,0,6,7,79,112,1
S0766,5.42,73.6,65.1,1,0,2,0,4,5,59,204,0
S0767,7.28,62.8,53.8,0,0,1,2,7,7,62,91,1
S0768,6.64,83.4,89.5,1,1,1,4,4,6,56,35,0
S0769,5.92,65.8,80.3,0,1,0,3,4,7,52,49,0
S0770,8.88,99.0,79.7,1,4,0,2,4,7,52,11,1
S0771,8.93,70.5,81.7,0,2,0,4,8,1,64,54,1
S0772,8.56,75.7,77.8,0,1,0,2,5,6,48,72,1
S0773,7.46,62.0,69.6,0,2,1,1,4,7,74,109,1
S0774,8.55,92.1,70.4,3,2,1,2,7,5,70,131,0
S0775,7.21,86.2,67.7,0,1,2,0,10,6,76,106,1
S0776,7.4,78.0,98.3,1,1,2,0,6,7,43,31,0
S0777,6.11,61.5,77.6,1,3,0,1,8,6,35,23,0
S0778,7.6,77.1,67.4,0,1,0,0,8,9,60,124,1
S0779,7.26,63.8,76.7,0,3,1,4,4,8,100,9,1
S0780,5.9,89.6,61.9,0,1,3,4,6,6,79,272,1
S0781,7.15,83.1,87.0,0,3,2,1,3,6,52,38,0
S0782,7.12,76.0,65.4,0,4,0,2,5,1,66,170,0
S0783,9.0,50.6,77.0,0,1,0,1,4,5,71,44,0
S0784,8.09,65.2,82.7,0,0,0,0,5,4,39,114,0
S0785,7.21,81.9,75.8,0,5,2,1,4,6,81,24,1
S0786,7.45,87.1,72.9,1,2,1,0,5,6,57,76,0
S0787,7.24,86.1,72.1,0,3,1,1,7,7,59,12,1
S0788,7.0,59.1,71.4,1,0,1,0,5,9,60,95,1
S0789,6.12,78.0,66.2,0,1,0,0,2,6,77,24,0
S0790,7.05,85.2,67.5,0,2,1,0,4,10,49,28,1
S0791,6.45,58.4,86.8,0,4,0,3,2,6,34,51,1
S0792,5.95,74.9,70.9,0,1,1,0,6,4,65,61,0
S0793,7.71,77.7,64.1,0,3,1,1,7,5,29,109,1
S0794,7.59,72.0,66.8,3,3,1,1,6,5,55,101,0
S0795,5.41,56.5,83.0,0,1,0,1,4,7,78,82,1
S0796,7.08,71.7,78.8,0,1,2,1,6,4,69,141,1
S0797,8.2,71.7,77.6,0,1,1,0,5,5,76,99,1
S0798,8.26,73.5,69.4,0,2,0,2,3,6,69,104,1
S0799,8.23,69.4,77.7,0,3,0,2,7,5,96,27,1
S0800,7.24,70.6,65.6,0,2,1,2,7,7,51,149,0
S0801,6.35,74.6,69.4,0,1,0,2,7,7,66,136,0
S0802,6.12,79.4,81.7,0,3,0,1,4,8,53,85,1
S0803,7.54,72.0,80.7,0,2,0,1,8,5,74,133,1
S0804,7.58,70.9,62.2,4,2,0,0,5,8,59,71,0
S0805,8.49,75.9,63.4,0,2,1,1,7,4,86,211,0
S0806,8.3,55.8,73.1,0,1,1,0,4,4,52,79,0
S0807,7.07,79.8,89.3,3,3,0,1,5,4,81,69,0
S0808,5.96,75.0,52.8,0,2,1,2,1,6,69,99,0
S0809,6.88,75.4,74.8,0,2,0,0,5,8,60,241,0
S0810,7.42,84.6,58.2,1,1,0,0,6,5,68,45,0
S0811,7.0,55.5,65.7,2,2,0,2,5,5,64,94,0
S0812,6.62,55.3,68.4,1,3,1,1,9,6,65,48,0
S0813,7.45,77.7,67.8,0,2,3,3,3,7,57,69,1
S0814,6.7,74.9,66.7,4,4,1,4,4,5,49,34,0
S0815,6.57,76.7,72.1,0,4,0,4,4,5,55,102,1
S0816,7.51,70.4,66.6,4,1,0,1,4,4,35,74,0
S0817,6.8,81.6,57.4,2,3,0,1,8,5,73,131,0
S0818,7.44,84.3,79.8,3,2,2,2,8,8,41,157,0
S0819,7.47,79.8,79.5,0,5,0,2,4,6,57,174,1
S0820,6.06,72.4,80.4,0,1,3,2,4,5,70,50,1
S0821,6.72,53.9,56.6,0,1,1,1,3,8,73,99,0
S0822,8.64,82.7,75.0,0,2,1,0,8,5,33,182,1
S0823,6.04,87.2,78.8,0,1,2,0,8,9,59,34,1
S0824,5.08,81.4,61.7,3,3,0,0,5,9,67,81,0
S0825,5.34,66.2,72.1,0,2,1,0,3,6,61,36,0
S0826,7.23,81.7,70.8,0,1,0,3,3,3,80,239,0
S0827,7.23,83.6,90.4,0,2,2,0,6,10,48,181,1
S0828,7.08,90.6,91.2,0,4,1,2,7,7,29,112,1
S0829,8.41,66.2,55.4,0,3,0,4,1,5,72,111,1
S0830,4.53,72.7,96.9,0,2,2,1,5,8,52,40,1
S0831,7.6,82.5,62.8,1,1,0,1,9,7,34,196,1
S0832,8.76,75.6,81.8,1,1,0,2,5,8,58,58,1
S0833,6.07,63.8,81.7,0,4,1,1,8,5,78,43,1
S0834,6.82,79.1,62.0,0,3,1,1,7,7,41,163,1
S0835,6.45,80.8,76.9,0,2,2,3,3,4,95,54,0
S0836,6.31,75.9,70.9,1,4,1,2,5,7,47,45,1
S0837,6.87,77.2,77.5,2,1,1,3,5,6,61,136,0
S0838,8.63,72.4,74.3,0,3,0,4,4,7,42,25,1
S0839,9.04,89.8,84.0,1,1,0,1,4,6,61,113,0
S0840,6.86,66.0,72.8,0,1,3,2,9,6,58,82,0
S0841,9.11,69.1,70.3,0,2,0,2,4,4,38,128,1
S0842,7.24,75.1,83.0,2,2,1,2,8,7,100,104,0
S0843,8.95,83.8,77.8,0,5,0,2,5,9,53,343,1
S0844,7.11,60.0,79.3,0,2,0,2,5,5,53,87,1
S0845,7.33,61.9,65.4,0,4,1,3,7,7,75,54,0
S0846,7.57,54.6,61.5,0,3,1,1,4,7,87,75,0
S0847,9.9,75.3,66.3,0,3,1,2,7,6,77,103,1
S0848,8.05,63.8,65.8,0,4,2,1,1,3,42,230,1
S0849,6.49,71.2,79.9,0,2,0,2,6,4,63,119,1
S0850,8.17,81.6,81.8,0,2,1,2,1,5,32,38,0
S0851,6.84,68.6,70.4,2,1,0,2,5,2,74,500,0
S0852,6.71,77.3,86.3,0,1,1,1,7,9,35,153,0
S0853,8.11,72.0,85.7,3,4,0,1,7,7,48,36,0
S0854,7.23,81.7,74.4,0,2,1,1,3,6,60,27,1
S0855,7.48,79.8,63.8,0,2,0,0,3,2,67,23,0
S0856,7.21,68.1,87.8,0,1,2,1,4,3,56,72,0
S0857,7.54,73.3,71.4,1,2,2,3,6,6,83,74,1
S0858,7.62,85.4,73.3,0,3,2,1,1,10,71,42,1
S0859,5.26,78.9,68.6,2,1,0,4,5,5,70,19,0
S0860,7.87,61.0,63.1,0,3,3,0,6,8,42,28,1
S0861,6.22,81.6,57.3,0,3,0,2,5,5,85,120,0
S0862,5.76,64.2,78.3,0,3,0,2,7,6,48,59,1
S0863,7.14,89.1,64.2,0,1,0,2,6,8,86,31,1
S0864,7.28,85.2,99.0,0,3,0,2,4,5,90,81,1
S0865,6.51,77.9,61.1,0,1,1,2,2,5,68,94,0
S0866,8.03,76.6,59.4,0,2,0,3,6,9,75,101,1
S0867,5.86,72.9,77.1,0,3,0,2,4,6,15,79,0
S0868,6.79,81.8,87.3,0,3,1,0,4,8,57,70,0
S0869,6.62,71.3,72.6,0,1,2,1,6,5,77,173,1
S0870,7.15,77.4,77.7,0,4,1,2,8,9,74,29,1
S0871,7.48,83.7,53.6,0,0,1,1,5,6,42,63,0
S0872,6.19,69.4,65.2,0,2,0,1,7,7,56,10,0
S0873,7.92,68.8,61.3,0,5,2,2,3,6,22,56,1
S0874,7.26,63.1,53.0,0,2,0,1,6,5,66,86,1
S0875,5.31,64.4,73.2,2,4,0,2,5,6,32,135,0
S0876,5.24,56.7,49.6,0,2,0,2,8,5,77,11,0
S0877,7.19,82.3,58.8,0,3,1,2,4,8,78,84,1
S0878,6.98,93.1,66.6,2,3,0,2,5,6,53,253,0
S0879,7.1,89.3,63.7,0,3,1,3,8,3,68,107,1
S0880,7.17,58.7,76.0,0,1,0,2,5,3,57,24,1
S0881,7.43,82.2,75.1,3,3,1,4,3,3,64,56,0
S0882,8.15,89.2,80.9,3,1,1,0,10,7,43,109,1
S0883,6.09,70.4,79.5,1,5,0,2,3,4,69,44,0
S0884,6.03,76.0,83.4,0,1,0,2,5,7,35,91,1
S0885,6.11,54.9,72.0,0,1,1,1,6,6,33,87,1
S0886,7.49,77.7,75.0,4,4,1,1,6,6,58,71,1
S0887,8.44,64.4,77.1,3,1,0,2,5,7,57,22,0
S0888,6.77,77.0,73.4,0,2,1,1,5,6,64,40,1
S0889,4.7,59.4,68.0,0,3,0,3,5,1,50,270,1
S0890,5.5,80.4,68.7,0,1,0,1,3,5,88,53,0
S0891,6.37,85.2,63.8,0,1,0,0,10,7,62,59,0
S0892,6.64,67.2,76.2,1,2,1,2,5,9,63,58,0
S0893,6.79,63.6,71.1,0,1,0,1,7,9,63,133,1
S0894,7.24,53.4,65.4,0,1,1,0,5,4,75,61,1
S0895,6.89,72.3,65.4,0,0,0,2,5,5,69,72,0
S0896,8.25,69.2,59.9,0,2,1,1,5,3,67,84,1
S0897,6.52,59.5,81.8,0,1,0,0,2,9,71,144,0
S0898,6.34,79.5,72.8,0,0,1,2,5,8,33,72,0
S0899,7.68,70.5,63.4,0,3,1,2,5,7,33,79,1
S0900,5.66,64.2,80.1,3,3,0,2,8,6,59,46,0
S0901,7.59,69.5,66.4,0,0,0,1,3,8,57,93,0
S0902,7.3,85.7,57.9,0,1,1,0,4,8,69,113,0
S0903,7.05,81.0,82.2,0,4,3,4,4,8,60,119,1
S0904,8.79,73.7,66.6,0,2,3,2,8,7,69,243,1
S0905,6.58,81.2,67.9,0,2,0,0,4,5,41,38,0
S0906,9.26,63.4,72.4,0,2,1,3,7,7,60,75,1
S0907,6.97,75.3,83.4,0,1,0,0,7,7,40,61,1
S0908,5.92,76.5,72.2,0,4,0,2,5,6,66,214,1
S0909,7.27,70.3,60.0,0,4,1,2,3,5,32,122,0
S0910,6.12,79.4,77.4,0,4,1,4,3,8,65,16,1
S0911,6.45,67.2,67.2,0,1,1,4,7,9,38,43,1
S0912,7.6,80.1,90.9,0,1,2,1,3,5,54,56,1
S0913,7.76,80.5,72.0,0,1,0,2,6,6,73,18,1
S0914,6.58,45.8,49.6,0,1,1,1,6,7,63,79,1
S0915,8.19,86.9,75.6,0,2,0,2,6,7,35,48,0
S0916,8.36,45.0,91.4,0,3,0,2,6,5,50,250,1
S0917,8.64,68.8,87.8,0,1,0,0,4,9,37,92,0
S0918,7.73,85.3,90.3,4,4,3,0,4,7,35,54,1
S0919,8.56,71.8,61.8,4,1,1,0,7,7,62,31,0
S0920,5.32,60.3,81.1,4,0,0,0,4,9,68,70,0
S0921,6.88,64.1,64.8,0,4,1,1,1,5,67,202,1
S0922,6.33,85.3,74.2,0,3,3,3,7,6,69,62,1
S0923,7.32,55.8,59.3,0,2,2,1,3,4,60,70,1
S0924,6.63,86.3,65.6,0,2,1,2,6,6,56,158,0
S0925,7.03,74.4,65.2,0,1,0,3,8,3,44,90,1
S0926,9.08,63.1,81.0,0,1,1,2,6,7,53,131,1
S0927,7.03,69.2,80.0,0,2,2,1,7,7,40,97,0
S0928,7.61,64.8,74.8,0,2,2,3,6,6,47,93,1
S0929,6.97,83.7,58.5,0,3,2,2,9,6,61,15,1
S0930,7.28,82.3,68.9,1,1,1,2,3,7,58,27,0
S0931,7.21,57.8,64.5,0,3,0,3,5,4,100,83,0
S0932,7.65,71.0,80.7,2,3,1,2,7,6,40,34,1
S0933,8.37,66.4,83.8,0,1,0,1,5,7,58,70,0
S0934,8.85,87.9,82.6,0,0,0,3,8,3,39,25,1
S0935,7.51,61.5,64.4,0,2,1,1,5,7,54,159,1
S0936,7.79,91.0,45.0,0,3,1,3,10,3,55,38,0
S0937,6.05,74.7,54.3,0,3,2,0,10,6,73,31,1
S0938,7.11,63.4,86.2,0,3,1,0,6,4,53,20,0
S0939,8.14,68.2,68.0,0,2,2,1,7,9,57,118,1
S0940,8.07,67.0,64.5,0,1,1,0,8,4,54,70,1
S0941,7.41,62.3,88.4,0,2,1,4,3,3,39,155,0
S0942,8.09,75.9,84.7,3,1,0,0,3,6,50,46,0
S0943,7.69,62.7,72.2,0,3,1,2,8,5,54,26,1
S0944,8.4,53.2,69.1,0,1,0,0,6,3,61,67,0
S0945,7.49,71.2,70.7,0,1,0,4,5,7,68,176,1
S0946,6.84,57.0,74.3,0,2,0,1,6,2,56,14,0
S0947,7.54,67.5,88.0,0,2,2,0,1,4,56,89,0
S0948,4.5,65.9,76.2,0,3,1,0,5,5,34,96,0
S0949,7.58,66.3,79.3,1,2,2,2,4,7,68,196,1
S0950,4.5,95.0,83.7,0,4,3,4,7,8,50,35,1
S0951,5.48,75.6,60.3,0,4,2,4,7,8,71,13,1
S0952,7.65,77.5,79.5,0,4,0,1,7,6,80,50,1
S0953,7.68,57.2,69.1,2,3,2,1,6,2,57,130,1
S0954,6.04,68.5,46.8,1,3,2,0,3,7,45,73,0
S0955,6.49,77.2,50.7,3,3,2,1,7,9,60,103,0
S0956,8.57,64.8,61.8,0,2,0,2,7,8,65,28,1
S0957,6.72,84.1,77.3,0,2,0,1,8,7,55,59,0
S0958,9.44,63.0,73.1,0,2,2,2,10,4,52,76,1
S0959,7.2,72.1,73.8,2,0,0,3,2,5,68,17,0
S0960,7.61,69.1,91.5,0,0,0,0,5,9,67,75,1
S0961,8.82,76.6,59.3,0,4,1,0,4,3,55,55,0
S0962,7.33,68.6,71.7,0,0,0,0,6,4,35,389,1
S0963,6.2,72.3,75.0,0,2,0,0,6,8,67,71,1
S0964,7.09,72.6,64.6,0,3,3,0,5,5,48,203,1
S0965,7.16,67.7,72.3,0,1,2,2,8,4,63,103,1
S0966,5.84,79.9,56.0,0,4,2,0,3,9,62,65,0
S0967,6.94,77.4,86.1,2,1,0,2,3,7,32,183,0
S0968,6.46,74.1,65.2,0,4,0,3,3,5,61,24,0
S0969,8.12,70.7,92.3,1,3,0,3,5,4,68,49,0
S0970,7.23,83.0,71.7,0,1,1,2,3,10,70,135,1
S0971,6.92,72.6,82.3,1,1,0,0,5,6,62,6,0
S0972,7.09,71.9,71.5,0,1,1,0,5,9,30,69,0
S0973,7.42,76.0,71.7,3,2,3,0,4,8,79,69,1
S0974,7.82,92.0,66.2,0,1,1,4,7,5,66,87,1
S0975,6.2,61.6,73.2,0,5,0,4,5,5,42,60,1
S0976,6.16,82.7,75.2,0,1,0,1,8,9,48,131,0
S0977,8.3,56.1,64.2,0,4,0,1,5,9,63,37,1
S0978,6.79,77.2,70.7,0,1,0,1,5,3,70,145,1
S0979,5.78,90.8,65.9,1,5,1,1,4,7,53,27,1
S0980,7.64,79.9,95.0,3,1,0,4,5,6,72,92,0
S0981,7.66,76.7,71.1,0,2,1,0,7,4,33,168,0
S0982,5.67,69.4,87.5,0,2,2,1,5,6,44,34,1
S0983,7.43,75.3,70.0,0,1,0,1,7,4,29,42,0
S0984,7.94,72.5,74.6,1,4,0,0,4,5,47,148,1
S0985,7.57,67.1,58.8,2,1,0,1,7,5,83,82,1
S0986,7.83,72.1,67.5,0,2,0,3,4,5,91,13,1
S0987,5.8,77.0,74.1,3,2,1,0,7,6,64,85,0
S0988,7.53,67.3,87.9,0,3,2,2,6,4,50,116,1
S0989,6.9,66.9,74.2,1,0,2,1,9,9,57,152,1
S0990,6.72,61.4,85.8,3,1,1,0,3,7,67,90,0
S0991,8.07,78.9,78.4,1,1,0,0,3,9,37,105,0
S0992,8.68,80.5,88.3,0,1,0,1,4,6,51,217,0
S0993,8.99,77.3,71.4,0,1,0,0,3,5,82,138,0
S0994,8.51,84.7,95.9,0,4,0,1,3,9,44,58,0
S0995,7.09,75.9,67.1,1,2,2,3,7,5,49,64,1
S0996,7.55,78.9,64.3,0,3,1,2,5,6,60,164,1
S0997,7.97,78.0,59.9,1,2,0,4,5,7,64,89,0
S0998,7.32,74.1,95.3,2,1,0,1,5,4,51,79,0
S0999,7.33,69.7,80.2,0,2,0,2,4,7,61,56,1
S1000,8.02,97.1,68.7,0,1,2,2,9,7,69,159,1
